logged_at,trade_date,scanner,ticker,side,setup,entry,stop,target,shares,risk_dollars,gap_pct,gap_tier,stop_method,regime,spy_pct,conviction,fresh_bull_5m,path_target,path_score,rr,notes,setup_kind,bracket_pair_id,bracket_resolution,outcome,exit_px,pnl,outcome_set_at,forward_high,forward_low
2026-05-01T14:04:09,2026-05-01,abook,BRBR,LONG,MOO,16.79,16.5381,17.2937,397,100.0,0.0,,FIXED,FAVORABLE,0.27,,,,,2.0,abook_rank fem=70 mode=PULLBACK,,,,TARGET,17.2937,199.97,2026-05-01T23:40:48,18.01,17.15
2026-05-01T14:04:10,2026-05-01,abook,NTRA,LONG,MOO,206.16,203.0676,212.3448,32,100.0,0.0,,FIXED,FAVORABLE,0.27,,,,,2.0,abook_rank fem=83 mode=PULLBACK,,,,STOP,203.0676,-98.96,2026-05-01T23:40:48,208.6621,202.4901
2026-05-01T14:04:11,2026-05-01,abook,UCTT,LONG,MOO,73.1,72.0035,75.293,91,100.0,0.0,,FIXED,FAVORABLE,0.27,,,,,2.0,abook_rank fem=100 mode=PULLBACK,,,,TARGET,75.293,199.56,2026-05-01T23:40:49,76.74,73.61
2026-05-01T14:04:11,2026-05-01,abook,TVTX,LONG,MOO,42.12,41.4882,43.3836,158,100.0,0.0,,FIXED,FAVORABLE,0.27,,,,,2.0,abook_rank fem=100 mode=PULLBACK,,,,TARGET,43.3836,199.65,2026-05-01T23:40:49,44.7,43.0
2026-05-01T14:04:12,2026-05-01,abook,HGV,LONG,MOO,46.97,46.2655,48.3791,141,100.0,0.0,,FIXED,FAVORABLE,0.27,,,,,2.0,abook_rank fem=100 mode=PULLBACK,,,,STOP,46.2655,-99.33,2026-05-01T23:40:49,48.0,45.9
2026-05-01T14:04:12,2026-05-01,abook,PI,LONG,MOO,144.92,142.7462,149.2676,46,100.0,0.0,,FIXED,FAVORABLE,0.27,,,,,2.0,abook_rank fem=100 mode=BOUNCE,,,,STOP,142.7462,-99.99,2026-05-01T23:40:50,151.1,140.85
2026-05-04T06:04:39,2026-05-04,abook,NTRA,LONG,MOO,207.28,204.1708,213.4984,32,100.0,0.0,,FIXED,FAVORABLE,0.0,,,,,2.0,abook_rank fem=80 mode=PULLBACK,,,,CLOSE,211.56,136.96,2026-05-04T13:59:54,212.0,205.51
2026-05-04T06:04:40,2026-05-04,abook,NOK,LONG,MOO,13.3,13.1005,13.699,501,100.0,0.0,,FIXED,FAVORABLE,0.0,,,,,2.0,abook_rank fem=100 mode=BOUNCE,,,,STOP,13.1005,-99.95,2026-05-04T13:59:55,13.5299,13.02
2026-05-04T06:04:40,2026-05-04,abook,WSC,LONG,MOO,22.69,22.3497,23.3707,293,100.0,0.0,,FIXED,FAVORABLE,0.0,,,,,2.0,abook_rank fem=100 mode=BOUNCE,,,,STOP,22.3497,-99.71,2026-05-04T13:59:55,22.765,21.775
2026-05-04T06:04:41,2026-05-04,abook,ESPR,LONG,MOO,3.11,3.0633,3.2033,2143,100.0,0.0,,FIXED,FAVORABLE,0.0,,,,,2.0,abook_rank fem=100 mode=BOUNCE,,,,CLOSE,3.12,21.43,2026-05-04T13:59:56,3.12,3.11
2026-05-04T06:04:43,2026-05-04,abook,NTRA,LONG,MOO,207.28,204.1708,213.4984,32,100.0,0.0,,FIXED,FAVORABLE,0.0,,,,,2.0,abook_rank fem=80 mode=PULLBACK,,,,CLOSE,211.56,136.96,2026-05-04T13:59:54,212.0,205.51
2026-05-04T06:04:44,2026-05-04,abook,NOK,LONG,MOO,13.3,13.1005,13.699,501,100.0,0.0,,FIXED,FAVORABLE,0.0,,,,,2.0,abook_rank fem=100 mode=BOUNCE,,,,STOP,13.1005,-99.95,2026-05-04T13:59:55,13.5299,13.02
2026-05-04T06:04:44,2026-05-04,abook,WSC,LONG,MOO,22.69,22.3497,23.3707,293,100.0,0.0,,FIXED,FAVORABLE,0.0,,,,,2.0,abook_rank fem=100 mode=BOUNCE,,,,STOP,22.3497,-99.71,2026-05-04T13:59:55,22.765,21.775
2026-05-04T06:04:44,2026-05-04,abook,ESPR,LONG,MOO,3.11,3.0633,3.2033,2143,100.0,0.0,,FIXED,FAVORABLE,0.0,,,,,2.0,abook_rank fem=100 mode=BOUNCE,,,,CLOSE,3.12,21.43,2026-05-04T13:59:56,3.12,3.11
2026-05-04T07:12:36,2026-05-04,intraday,PN,SHORT,FAILED-GAP-SHORT,5.2499,6.77,2.2097,65,100.0,101.05,PARABOLIC,PM high,FAVORABLE,-0.03,,,,,2.0,score=49359.01 relvol=697.82 float=2.54M,,,,CLOSE,5.45,-13.01,2026-05-04T13:59:56,5.96,4.61
2026-05-04T07:12:38,2026-05-04,intraday,BZAI,LONG,HOLDING-LONG,2.6299,2.1,3.6897,188,100.0,14.29,IN_BAND,PM low,FAVORABLE,-0.03,,,,,2.0,score=70.48 relvol=4.93 float=122.74M,,,,CLOSE,2.32,-58.26,2026-05-04T13:59:57,2.82,2.32
2026-05-04T07:12:54,2026-05-04,intraday,CLNN,SHORT,FAILED-GAP-SHORT,6.82,6.9223,6.6154,977,100.0,21.58,STRETCHED,fixed-%-fallback,FAVORABLE,-0.03,,,,,2.0,score=2476.65 relvol=163.95 float=11.78M,,,,TARGET,6.6154,199.89,2026-05-04T13:59:57,8.67,6.31
2026-05-04T07:12:56,2026-05-04,intraday,CRE,LONG,HOLDING-LONG,2.86,2.31,3.96,181,100.0,14.94,IN_BAND,PM low,FAVORABLE,-0.03,,,,,2.0,score=5795.37 relvol=387.97 float=2.01M,,,,TARGET,3.96,199.1,2026-05-04T13:59:58,4.84,2.51
2026-05-04T07:12:57,2026-05-04,intraday,CRML,LONG,HOLDING-LONG,13.1502,12.17,15.1106,102,100.0,5.51,IN_BAND,PM low,FAVORABLE,-0.03,,,,,2.0,score=5.51 relvol=None float=132.23M,,,,CLOSE,12.89,-26.54,2026-05-04T13:59:58,13.96,12.8
2026-05-04T07:12:59,2026-05-04,intraday,ELPW,LONG,HOLDING-LONG,6.23,4.42,9.85,55,100.0,3.17,IN_BAND,PM low,FAVORABLE,-0.03,,,,,2.0,score=5.78 relvol=1.83 float=1.41M,,,,TARGET,9.85,199.1,2026-05-04T13:59:59,10.2,5.82
2026-05-04T07:13:01,2026-05-04,intraday,ULCC,SHORT,FAILED-GAP-SHORT,4.245,4.36,4.015,869,100.0,8.25,IN_BAND,PM high,FAVOR,,,,,,,,,,,TARGET,4.015,199.87,2026-05-04T23:40:37,4.35,4.0
2026-05-05T06:02:27,2026-05-05,abook,FNMA,LONG,MOO,8.68,8.5498,8.9404,768,100.0,0.0,,FIXED,FAVORABLE,0.0,,,,,2.0,abook_rank fem=100 mode=BOUNCE,,,,STOP,8.5498,-99.99,2026-05-05T23:40:21,8.54,8.0
2026-05-05T06:02:27,2026-05-05,abook,MLYS,LONG,MOO,27.575,27.1614,28.4022,241,100.0,0.0,,FIXED,FAVORABLE,0.0,,,,,2.0,abook_rank fem=93 mode=PULLBACK,,,,TARGET,28.4022,199.36,2026-05-05T23:40:21,29.74,28.47
2026-05-05T06:02:28,2026-05-05,abook,OLED,LONG,MOO,96.56,95.1116,99.4568,69,100.0,0.0,,FIXED,FAVORABLE,0.0,,,,,2.0,abook_rank fem=85 mode=PULLBACK,,,,TARGET,99.4568,199.88,2026-05-05T23:40:22,101.55,96.395
2026-05-05T06:02:28,2026-05-05,abook,LNAI,LONG,MOO,0.3246,0.3197,0.3343,20538,100.0,0.0,,FIXED,FAVORABLE,0.0,,,,,2.0,abook_rank fem=62 mode=PULLBACK,,,,STOP,0.3197,-100.64,2026-05-05T23:40:22,0.333,0.282
2026-05-05T06:02:28,2026-05-05,abook,TPG,LONG,MOO,45.03,44.3546,46.3809,148,100.0,0.0,,FIXED,FAVORABLE,0.0,,,,,2.0,abook_rank fem=89 mode=BOUNCE,,,,TARGET,46.3809,199.93,2026-05-05T23:40:23,46.89,45.1
2026-05-05T06:02:29,2026-05-05,abook,CIFR,LONG,MOO,17.89,17.6216,18.4267,372,100.0,0.0,,FIXED,FAVORABLE,0.0,,,,,2.0,abook_rank fem=91 mode=BOUNCE,,,,TARGET,18.4267,199.65,2026-05-05T23:40:23,22.17,18.91
2026-05-05T06:02:31,2026-05-05,abook,FNMA,LONG,MOO,8.68,8.5498,8.9404,768,100.0,0.0,,FIXED,FAVORABLE,0.0,,,,,2.0,abook_rank fem=100 mode=BOUNCE,,,,STOP,8.5498,-99.99,2026-05-05T23:40:21,8.54,8.0
2026-05-05T06:02:31,2026-05-05,abook,MLYS,LONG,MOO,27.575,27.1614,28.4022,241,100.0,0.0,,FIXED,FAVORABLE,0.0,,,,,2.0,abook_rank fem=93 mode=PULLBACK,,,,TARGET,28.4022,199.36,2026-05-05T23:40:21,29.74,28.47
2026-05-05T06:02:31,2026-05-05,abook,OLED,LONG,MOO,96.56,95.1116,99.4568,69,100.0,0.0,,FIXED,FAVORABLE,0.0,,,,,2.0,abook_rank fem=85 mode=PULLBACK,,,,TARGET,99.4568,199.88,2026-05-05T23:40:22,101.55,96.395
2026-05-05T06:02:32,2026-05-05,abook,LNAI,LONG,MOO,0.3246,0.3197,0.3343,20538,100.0,0.0,,FIXED,FAVORABLE,0.0,,,,,2.0,abook_rank fem=62 mode=PULLBACK,,,,STOP,0.3197,-100.64,2026-05-05T23:40:22,0.333,0.282
2026-05-05T06:02:32,2026-05-05,abook,TPG,LONG,MOO,45.03,44.3546,46.3809,148,100.0,0.0,,FIXED,FAVORABLE,0.0,,,,,2.0,abook_rank fem=89 mode=BOUNCE,,,,TARGET,46.3809,199.93,2026-05-05T23:40:23,46.89,45.1
2026-05-05T06:02:33,2026-05-05,abook,CIFR,LONG,MOO,17.89,17.6216,18.4267,372,100.0,0.0,,FIXED,FAVORABLE,0.0,,,,,2.0,abook_rank fem=91 mode=BOUNCE,,,,TARGET,18.4267,199.65,2026-05-05T23:40:23,22.17,18.91
2026-05-05T06:02:39,2026-05-05,momentum,SDOT,LONG,MOO_GENESIS,0.5388,0.5307,0.555,12373,100.0,148.98,PARABOLIC,FIXED,FAVORABLE,0.0,,,,,2.0,relvol=154.9x pm_vol=193438062,,,,TARGET,0.555,200.44,2026-05-05T23:40:24,0.59,0.46
2026-05-05T06:02:42,2026-05-05,momentum,CLRB,LONG,MOO_GENESIS,4.4197,4.3534,4.5523,1508,100.0,154.42,PARABOLIC,FIXED,FAVORABLE,0.0,,,,,2.0,relvol=145204.7x pm_vol=32138640,,,,STOP,4.3534,-99.98,2026-05-05T23:40:24,4.07,3.11
2026-05-05T06:02:44,2026-05-05,momentum,DGXX,LONG,MOO_GENESIS,5.76,5.6736,5.9328,1157,100.0,84.81,PARABOLIC,FIXED,FAVORABLE,0.0,,,,,2.0,relvol=1065.8x pm_vol=42006485,,,,STOP,5.6736,-99.96,2026-05-05T23:40:25,5.68,4.71
2026-05-05T06:02:46,2026-05-05,momentum,MASK,LONG,MOO_GENESIS,1.97,1.9405,2.0291,3384,100.0,84.83,PARABOLIC,FIXED,FAVORABLE,0.0,,,,,2.0,relvol=1611.3x pm_vol=19355279,,,,STOP,1.9405,-99.83,2026-05-05T23:40:25,2.56,1.82
2026-05-05T06:02:47,2026-05-05,momentum,CYAB,LONG,MOO_GENESIS,0.7506,0.7393,0.7731,8881,100.0,60.0,PARABOLIC,FIXED,FAVORABLE,0.0,,,,,2.0,relvol=347.8x pm_vol=16238900,,,,STOP,0.7393,-100.36,2026-05-05T23:40:26,0.669,0.5726
2026-05-05T06:02:48,2026-05-05,momentum,BDRX,LONG,MOO_GENESIS,3.64,3.5854,3.7492,1831,100.0,80.13,PARABOLIC,FIXED,FAVORABLE,0.0,,,,,2.0,relvol=8246.1x pm_vol=15067193,,,,TARGET,3.7492,199.95,2026-05-05T23:40:26,4.65,3.63
2026-05-05T06:02:50,2026-05-05,momentum,SOWG,LONG,MOO_GENESIS,1.45,1.4283,1.4935,4597,100.0,40.9,EXTREME,FIXED,FAVORABLE,0.0,,,,,2.0,relvol=3115.4x pm_vol=9362541,,,,TARGET,1.4935,199.97,2026-05-05T23:40:27,1.65,1.38
2026-05-05T06:02:56,2026-05-05,momentum,TLIH,LONG,MOO_GENESIS,4.01,3.9498,4.1303,1662,100.0,52.17,PARABOLIC,FIXED,FAVORABLE,0.0,,,,,2.0,relvol=21.6x pm_vol=2958664,,,,TARGET,4.1303,199.94,2026-05-05T23:40:27,4.65,3.8402
2026-05-05T06:02:58,2026-05-05,momentum,BLZE,LONG,MOO_GENESIS,6.7,6.5995,6.901,995,100.0,50.22,PARABOLIC,FIXED,FAVORABLE,0.0,,,,,2.0,relvol=1667.8x pm_vol=2796949,,,,TARGET,6.901,199.99,2026-05-05T23:40:28,8.07,7.15
2026-05-05T06:03:05,2026-05-05,momentum,CYTK,LONG,MOO_GENESIS,81.0,79.785,83.43,82,100.0,41.57,EXTREME,FIXED,FAVORABLE,0.0,,,,,2.0,relvol=1573.6x pm_vol=2871840,,,,STOP,79.785,-99.63,2026-05-05T23:40:28,80.2,75.81
2026-05-05T06:03:07,2026-05-05,momentum,GRAB,LONG,MOO_GENESIS,3.87,3.8119,3.9861,1722,100.0,7.18,IN_BAND,FIXED,FAVORABLE,0.0,,,,,2.0,relvol=3.5x pm_vol=2073833,,,,STOP,3.8119,-100.05,2026-05-05T23:40:29,3.75,3.59
2026-05-05T06:03:09,2026-05-05,momentum,WAI,LONG,MOO_GENESIS,1.68,1.6548,1.7304,3968,100.0,63.79,PARABOLIC,FIXED,FAVORABLE,0.0,,,,,2.0,relvol=905.2x pm_vol=2014548,,,,TARGET,1.7304,199.99,2026-05-05T23:40:30,1.86,1.69
2026-05-05T06:03:12,2026-05-05,momentum,ABCL,LONG,MOO_GENESIS,5.2139,5.1357,5.3703,1278,100.0,15.25,STRETCHED,FIXED,FAVORABLE,0.0,,,,,2.0,relvol=8.1x pm_vol=2162437,,,,STOP,5.1357,-99.94,2026-05-05T23:40:30,4.86,4.57
2026-05-05T06:03:16,2026-05-05,momentum,VRDN,LONG,MOO_GENESIS,18.5,18.2225,19.055,360,100.0,77.81,PARABOLIC,FIXED,FAVORABLE,0.0,,,,,2.0,relvol=166.9x pm_vol=3424896,,,,STOP,18.2225,-99.9,2026-05-05T23:40:31,18.94,17.42
2026-05-05T06:03:19,2026-05-05,momentum,PINS,LONG,MOO_GENESIS,24.58,24.2113,25.3174,271,100.0,18.71,STRETCHED,FIXED,FAVORABLE,0.0,,,,,2.0,relvol=69.7x pm_vol=1629499,,,,STOP,24.2113,-99.92,2026-05-05T23:40:31,23.87,22.065
2026-05-05T06:03:21,2026-05-05,momentum,CIFR,LONG,MOO_GENESIS,18.35,18.0748,18.9005,363,100.0,8.44,IN_BAND,FIXED,FAVORABLE,0.0,,,,,2.0,relvol=4.1x pm_vol=1470865,,,,TARGET,18.9005,199.83,2026-05-05T23:40:23,22.17,18.91
2026-05-05T06:03:22,2026-05-05,momentum,VEEE,LONG,MOO_GENESIS,6.035,5.9445,6.2161,1104,100.0,59.8,PARABOLIC,FIXED,FAVORABLE,0.0,,,,,2.0,relvol=333.9x pm_vol=2205723,,,,STOP,5.9445,-99.91,2026-05-05T23:40:32,7.0,5.12
2026-05-05T06:03:24,2026-05-05,momentum,VBIO,LONG,MOO_GENESIS,1.0309,1.0154,1.0618,6466,100.0,22.49,STRETCHED,FIXED,FAVORABLE,0.0,,,,,2.0,relvol=50.8x pm_vol=1634600,,,,STOP,1.0154,-100.22,2026-05-05T23:40:32,1.05,0.93
2026-05-05T06:03:25,2026-05-05,momentum,PYPL,LONG,MOO_GENESIS,45.28,44.6008,46.6384,147,100.0,4.19,IN_BAND,FIXED,FAVORABLE,0.0,,,,,2.0,relvol=63.6x pm_vol=3635664,,,,TARGET,46.6384,199.68,2026-05-05T23:40:32,46.715,45.02
2026-05-05T06:03:35,2026-05-05,momentum,ELPW,LONG,MOO_GENESIS,7.28,7.1708,7.4984,915,100.0,9.96,IN_BAND,FIXED,FAVORABLE,0.0,,,,,2.0,relvol=4.8x pm_vol=481266,,,,TARGET,7.4984,199.84,2026-05-05T23:40:33,8.35,5.7801
2026-05-05T06:03:38,2026-05-05,momentum,CRCL,LONG,MOO_GENESIS,124.9,123.0265,128.647,53,100.0,6.31,IN_BAND,FIXED,FAVORABLE,0.0,,,,,2.0,relvol=3.4x pm_vol=1782119,,,,STOP,123.0265,-99.3,2026-05-05T23:40:34,118.5,112.45
2026-05-05T06:03:54,2026-05-05,momentum,KOPN,LONG,MOO_GENESIS,4.97,4.8954,5.1191,1341,100.0,12.3,IN_BAND,FIXED,FAVORABLE,0.0,,,,,2.0,relvol=3.8x pm_vol=1066426,,,,STOP,4.8954,-100.04,2026-05-05T23:40:34,4.9,4.35
2026-05-05T06:04:09,2026-05-05,momentum,SHLS,LONG,MOO_GENESIS,9.56,9.4166,9.8468,697,100.0,23.82,STRETCHED,FIXED,FAVORABLE,0.0,,,,,2.0,relvol=23.0x pm_vol=316336,,,,STOP,9.4166,-99.95,2026-05-05T23:40:35,8.61,7.79
2026-05-05T06:04:26,2026-05-05,momentum,DOCN,LONG,MOO_GENESIS,129.99,128.0402,133.8897,51,100.0,21.76,STRETCHED,FIXED,FAVORABLE,0.0,,,,,2.0,relvol=59.2x pm_vol=950379,,,,TARGET,133.8897,198.88,2026-05-05T23:40:35,153.47,142.13
2026-05-05T06:05:03,2026-05-05,momentum,PDYN,LONG,MOO_GENESIS,6.02,5.9297,6.2006,1107,100.0,6.9,IN_BAND,FIXED,FAVORABLE,0.0,,,,,2.0,relvol=12.1x pm_vol=513909,,,,STOP,5.9297,-99.96,2026-05-05T23:40:36,6.15,5.919
2026-05-05T06:09:00,2026-05-05,short,CYAB,SHORT,SHORT_GENESIS_9_33,0.7427,0.7501,0.7278,13464,100.0,-14.81,IN_BAND,FIXED,FAVORABLE,0.0,,,,,2.0,"relvol=348.8x pm_vol=16286743 borrow=EXTREME (sub-$1.50, locate often unavailable or > $5/share/day)",,,,TARGET,0.7278,200.61,2026-05-05T23:40:26,0.74,0.5726
2026-05-05T06:09:03,2026-05-05,short,SOWG,SHORT,SHORT_GENESIS_9_33,1.43,1.4443,1.4014,6993,100.0,-21.59,STRETCHED,FIXED,FAVORABLE,0.0,,,,,2.0,"relvol=3140.6x pm_vol=9438125 borrow=EXTREME (sub-$1.50, locate often unavailable or > $5/share/day)",,,,STOP,1.4443,-100.0,2026-05-05T23:40:27,1.65,1.38
2026-05-05T06:09:10,2026-05-05,short,PLTR,SHORT,SHORT_GENESIS_9_33,144.79,146.2379,141.8942,69,100.0,-3.99,IN_BAND,FIXED,FAVORABLE,0.0,,,,,2.0,relvol=2.7x pm_vol=3947158 borrow=LOW,,,,TARGET,141.8942,199.81,2026-05-05T23:40:37,142.98,134.72
2026-05-05T06:09:17,2026-05-05,short,CYTK,SHORT,SHORT_GENESIS_9_33,82.2,83.022,80.556,121,100.0,-12.19,IN_BAND,FIXED,FAVORABLE,0.0,,,,,2.0,relvol=1584.9x pm_vol=2892446 borrow=LOW,,,,TARGET,80.556,198.92,2026-05-05T23:40:28,80.2,75.63
2026-05-05T06:09:22,2026-05-05,short,WAI,SHORT,SHORT_GENESIS_9_33,1.66,1.6766,1.6268,6024,100.0,-29.31,STRETCHED,FIXED,FAVORABLE,0.0,,,,,2.0,relvol=909.6x pm_vol=2024278 borrow=HIGH (low-priced low-float — verify locate before entering),,,,STOP,1.6766,-100.0,2026-05-05T23:40:30,1.86,1.65
2026-05-05T06:09:33,2026-05-05,short,VEEE,SHORT,SHORT_GENESIS_9_33,5.96,6.0196,5.8408,1677,100.0,-5.27,IN_BAND,FIXED,FAVORABLE,0.0,,,,,2.0,relvol=334.4x pm_vol=2208684 borrow=LOW,,,,STOP,6.0196,-99.95,2026-05-05T23:40:32,7.0,5.0
2026-05-05T06:09:35,2026-05-05,short,VBIO,SHORT,SHORT_GENESIS_9_33,1.0699,1.0806,1.0485,9346,100.0,-4.44,IN_BAND,FIXED,FAVORABLE,0.0,,,,,2.0,"relvol=51.0x pm_vol=1642492 borrow=EXTREME (sub-$1.50, locate often unavailable or > $5/share/day)",,,,TARGET,1.0485,200.0,2026-05-05T23:40:32,1.05,0.9201
2026-05-05T06:09:37,2026-05-05,short,PYPL,SHORT,SHORT_GENESIS_9_33,45.36,45.8136,44.4528,220,100.0,-10.8,IN_BAND,FIXED,FAVORABLE,0.0,,,,,2.0,relvol=70.5x pm_vol=4030318 borrow=LOW,,,,STOP,45.8136,-99.79,2026-05-05T23:40:33,46.715,44.74
2026-05-05T06:09:57,2026-05-05,short,SKK,SHORT,SHORT_GENESIS_9_33,7.51,7.5851,7.3598,1331,100.0,-46.43,EXTREME,FIXED,FAVORABLE,0.0,,,,,2.0,relvol=1147.9x pm_vol=1497243 borrow=LOW,,,,TARGET,7.3598,199.92,2026-05-05T23:40:37,7.62,4.5101
2026-05-05T06:10:04,2026-05-05,short,PUMP,SHORT,SHORT_GENESIS_9_33,16.74,16.9074,16.4052,597,100.0,-3.26,IN_BAND,FIXED,FAVORABLE,0.0,,,,,2.0,relvol=42.6x pm_vol=2427120 borrow=LOW,,,,STOP,16.9074,-99.94,2026-05-05T23:40:38,17.27,16.51
2026-05-05T06:10:29,2026-05-05,short,BRBR,SHORT,SHORT_GENESIS_9_33,12.0,12.12,11.76,833,100.0,-37.79,EXTREME,FIXED,FAVORABLE,0.0,,,,,2.0,relvol=39.2x pm_vol=667146 borrow=LOW,,,,TARGET,11.76,199.92,2026-05-05T23:40:38,11.69,9.215
2026-05-05T06:10:40,2026-05-05,short,DOCN,SHORT,SHORT_GENESIS_9_33,129.25,130.5425,126.665,77,100.0,-6.26,IN_BAND,FIXED,FAVORABLE,0.0,,,,,2.0,relvol=59.4x pm_vol=954728 borrow=LOW,,,,STOP,130.5425,-99.52,2026-05-05T23:40:35,153.47,138.0
2026-05-05T06:11:01,2026-05-05,short,WGS,SHORT,SHORT_GENESIS_9_33,36.9843,37.3541,36.2446,270,100.0,-45.75,EXTREME,FIXED,FAVORABLE,0.0,,,,,2.0,relvol=834.4x pm_vol=583426 borrow=LOW,,,,STOP,37.3541,-99.85,2026-05-05T23:40:39,37.46,32.84
2026-05-05T06:11:19,2026-05-05,short,PDYN,SHORT,SHORT_GENESIS_9_33,6.015,6.0751,5.8947,1662,100.0,-9.51,IN_BAND,FIXED,FAVORABLE,0.0,,,,,2.0,relvol=12.2x pm_vol=519171 borrow=LOW,,,,STOP,6.0751,-99.89,2026-05-05T23:40:36,6.25,5.91
2026-05-06T05:48:41,2026-05-06,abook,CLVT,LONG,MOO,2.5602,2.5218,2.637,2603,100.0,0.0,,FIXED,FAVORABLE,0.0,,,,,2.0,abook_rank fem=64 mode=PULLBACK,,,,TARGET,2.637,199.91,2026-05-06T12:59:18,2.89,2.76
2026-05-06T05:48:42,2026-05-06,abook,WT,LONG,MOO,16.98,16.7253,17.4894,392,100.0,0.0,,FIXED,FAVORABLE,0.0,,,,,2.0,abook_rank fem=100 mode=PULLBACK,,,,TARGET,17.4894,199.68,2026-05-06T12:59:19,19.145,18.78
2026-05-06T05:48:42,2026-05-06,abook,TRVI,LONG,MOO,14.66,14.4401,15.0998,454,100.0,0.0,,FIXED,FAVORABLE,0.0,,,,,2.0,abook_rank fem=100 mode=PULLBACK,,,,STOP,14.4401,-99.83,2026-05-06T12:59:19,14.44,13.6514
2026-05-06T05:48:43,2026-05-06,abook,NOK,LONG,MOO,13.42,13.2187,13.8226,496,100.0,0.0,,FIXED,FAVORABLE,0.0,,,,,2.0,abook_rank fem=100 mode=BOUNCE,,,,STOP,13.2187,-99.84,2026-05-06T12:59:20,13.445,13.01
2026-05-06T05:48:43,2026-05-06,abook,PLUG,LONG,MOO,3.32,3.2702,3.4196,2008,100.0,0.0,,FIXED,FAVORABLE,0.0,,,,,2.0,abook_rank fem=100 mode=PULLBACK,,,,STOP,3.2702,-100.0,2026-05-06T12:59:20,3.33,3.22
2026-05-06T05:48:45,2026-05-06,abook,CLVT,LONG,MOO,2.5602,2.5218,2.637,2603,100.0,0.0,,FIXED,FAVORABLE,0.0,,,,,2.0,abook_rank fem=64 mode=PULLBACK,,,,TARGET,2.637,199.91,2026-05-06T12:59:18,2.89,2.76
2026-05-06T05:48:46,2026-05-06,abook,WT,LONG,MOO,16.98,16.7253,17.4894,392,100.0,0.0,,FIXED,FAVORABLE,0.0,,,,,2.0,abook_rank fem=100 mode=PULLBACK,,,,TARGET,17.4894,199.68,2026-05-06T12:59:19,19.145,18.78
2026-05-06T05:48:46,2026-05-06,abook,TRVI,LONG,MOO,14.66,14.4401,15.0998,454,100.0,0.0,,FIXED,FAVORABLE,0.0,,,,,2.0,abook_rank fem=100 mode=PULLBACK,,,,STOP,14.4401,-99.83,2026-05-06T12:59:19,14.44,13.6514
2026-05-06T05:48:46,2026-05-06,abook,NOK,LONG,MOO,13.42,13.2187,13.8226,496,100.0,0.0,,FIXED,FAVORABLE,0.0,,,,,2.0,abook_rank fem=100 mode=BOUNCE,,,,STOP,13.2187,-99.84,2026-05-06T12:59:20,13.445,13.01
2026-05-06T05:48:47,2026-05-06,abook,PLUG,LONG,MOO,3.32,3.2702,3.4196,2008,100.0,0.0,,FIXED,FAVORABLE,0.0,,,,,2.0,abook_rank fem=100 mode=PULLBACK,,,,STOP,3.2702,-100.0,2026-05-06T12:59:20,3.33,3.22
2026-05-06T05:49:43,2026-05-06,momentum,OWL,LONG,MOO_GENESIS,10.88,10.7168,11.2064,612,100.0,3.44,IN_BAND,FIXED,FAVORABLE,0.0,,,,,2.0,relvol=2.6x pm_vol=1103654,,,,STOP,10.7168,-99.88,2026-05-06T12:59:21,10.7299,10.345
2026-05-06T05:49:56,2026-05-06,momentum,SKK,LONG,MOO_GENESIS,6.05,5.9592,6.2315,1101,100.0,44.24,EXTREME,FIXED,FAVORABLE,0.0,,,,,2.0,relvol=8.5x pm_vol=3860125,,,,TARGET,6.2315,199.83,2026-05-06T12:59:22,6.54,4.801
2026-05-06T05:50:02,2026-05-06,momentum,CORZ,LONG,MOO_GENESIS,23.77,23.4135,24.4831,280,100.0,12.66,IN_BAND,FIXED,FAVORABLE,0.0,,,,,2.0,relvol=6.2x pm_vol=806504,,,,TARGET,24.4831,199.67,2026-05-06T12:59:22,25.01,23.655
2026-05-06T05:50:08,2026-05-06,momentum,RXT,LONG,MOO_GENESIS,2.46,2.4231,2.5338,2710,100.0,4.08,IN_BAND,FIXED,FAVORABLE,0.0,,,,,2.0,relvol=3.4x pm_vol=289676,,,,STOP,2.4231,-100.0,2026-05-06T12:59:23,2.37,2.1501
2026-05-06T05:50:13,2026-05-06,momentum,SBET,LONG,MOO_GENESIS,7.82,7.7027,8.0546,852,100.0,4.74,IN_BAND,FIXED,FAVORABLE,0.0,,,,,2.0,relvol=2.7x pm_vol=250098,,,,STOP,7.7027,-99.94,2026-05-06T12:59:23,7.88,7.635
2026-05-06T05:52:32,2026-05-06,momentum,NVDA,LONG,MOO_GENESIS,200.35,197.3448,206.3605,33,100.0,3.16,IN_BAND,FIXED,FAVORABLE,0.0,,,,,2.0,relvol=2.1x pm_vol=7190703,,,,TARGET,206.3605,198.35,2026-05-06T12:59:24,208.05,202.91
2026-05-06T05:56:08,2026-05-06,short,BZAI,SHORT,SHORT_GENESIS_9_33,1.75,1.7675,1.715,5714,100.0,-25.97,STRETCHED,FIXED,FAVORABLE,0.0,,,,,2.0,relvol=3.5x pm_vol=4672657 borrow=MEDIUM,,,,STOP,1.7675,-100.0,2026-05-06T12:59:24,1.91,1.75
2026-05-06T05:56:21,2026-05-06,short,VG,SHORT,SHORT_GENESIS_9_33,12.2,12.322,11.956,819,100.0,-8.91,IN_BAND,FIXED,FAVORABLE,0.0,,,,,2.0,relvol=2.5x pm_vol=698285 borrow=LOW,,,,STOP,12.322,-99.92,2026-05-06T12:59:25,12.44,11.8401
2026-05-06T05:56:24,2026-05-06,short,SKK,SHORT,SHORT_GENESIS_9_33,6.02,6.0802,5.8996,1661,100.0,-7.01,IN_BAND,FIXED,FAVORABLE,0.0,,,,,2.0,relvol=8.6x pm_vol=3880403 borrow=LOW,,,,STOP,6.0802,-99.99,2026-05-06T12:59:22,7.17,4.801
2026-05-06T05:56:37,2026-05-06,short,RXT,SHORT,SHORT_GENESIS_9_33,2.45,2.4745,2.401,4081,100.0,-3.67,IN_BAND,FIXED,FAVORABLE,0.0,,,,,2.0,relvol=3.4x pm_vol=290128 borrow=MEDIUM,,,,TARGET,2.401,199.97,2026-05-06T12:59:23,2.47,2.1501
2026-05-06T05:57:07,2026-05-06,short,LITE,SHORT,SHORT_GENESIS_9_33,990.42,1000.3242,970.6116,10,100.0,-3.09,IN_BAND,FIXED,FAVORABLE,0.0,,,,,2.0,relvol=2.4x pm_vol=396603 borrow=LOW,,,,STOP,1000.3242,-99.04,2026-05-06T12:59:26,1013.5,902.01
2026-05-06T07:17:03,2026-05-06,intraday,GCTK,LONG,HOLDING-LONG,1.1496,0.8802,1.6884,371,100.0,35.1,EXTREME,PM low,FAVORABLE,0.85,,,,,2.0,score=92.35 relvol=2.63 float=3.66M,,,,CLOSE,0.9064,-90.23,2026-05-06T12:59:27,1.16,0.9
2026-05-06T07:17:15,2026-05-06,intraday,POET,SHORT,FAILED-GAP-SHORT,9.4199,10.95,6.3597,65,100.0,3.2,IN_BAND,PM high,FAVORABLE,0.85,,,,,2.0,score=2.54 relvol=1.13 float=152.71M,,,,CLOSE,9.775,-23.08,2026-05-06T12:59:28,9.935,8.85
2026-05-06T07:17:16,2026-05-06,intraday,PMAX,LONG,HOLDING-LONG,2.87,2.15,4.31,138,100.0,34.91,EXTREME,PM low,FAVORABLE,0.85,,,,,2.0,score=13106.08 relvol=375.47 float=1.72M,,,,TARGET,4.31,198.72,2026-05-06T12:59:28,4.74,2.7001
2026-05-06T07:17:18,2026-05-06,intraday,IFRX,SHORT,FAILED-GAP-SHORT,2.54,2.74,2.14,499,100.0,29.44,STRETCHED,PM high,FAVORABLE,0.85,,,,,2.0,score=390.99 relvol=18.97 float=72.29M,,,,CLOSE,2.5,19.96,2026-05-06T12:59:29,2.6,2.3
2026-05-06T07:17:20,2026-05-06,intraday,CYPH,SHORT,ORB-SHORT|FAILED-GAP-SHORT,1.0801,1.4,0.4403,312,100.0,16.82,STRETCHED,PM high,FAVORABLE,0.85,,,,,2.0,score=62.15 relvol=5.28 float=97.68M,,,,CLOSE,1.09,-3.09,2026-05-06T12:59:29,1.28,1.075
2026-05-06T07:17:22,2026-05-06,intraday,MASK,SHORT,ORB-SHORT|FAILED-GAP-SHORT,2.4201,2.65,1.9603,434,100.0,24.4,STRETCHED,PM high,FAVORABLE,0.85,,,,,2.0,score=70.59 relvol=4.13 float=1.13M,,,,STOP,2.65,-99.78,2026-05-06T12:59:30,2.65,2.3101
2026-05-06T07:17:23,2026-05-06,intraday,OCG,LONG,HOLDING-LONG,2.06,1.87,2.44,526,100.0,15.38,STRETCHED,PM low,FAVORABLE,0.85,,,,,2.0,score=964.44 relvol=62.69 float=1.94M,,,,CLOSE,2.2101,78.95,2026-05-06T12:59:30,2.215,1.92
2026-05-06T07:17:25,2026-05-06,intraday,SKK,LONG,HOLDING-LONG,6.45,5.17,9.01,78,100.0,11.51,IN_BAND,PM low,FAVORABLE,0.85,,,,,2.0,score=39.28 relvol=3.41 float=2.44M,,,,STOP,5.17,-99.84,2026-05-06T12:59:22,6.54,4.801
2026-05-06T07:17:26,2026-05-06,intraday,IMSR,SHORT,FAILED-GAP-SHORT,7.72,8.9,5.36,84,100.0,10.43,IN_BAND,PM high,FAVORABLE,0.85,,,,,2.0,score=17.44 relvol=2.39 float=106.31M,,,,CLOSE,8.405,-57.54,2026-05-06T12:59:31,8.58,7.64
2026-05-06T07:17:28,2026-05-06,intraday,BLMN,LONG,HOLDING-LONG,7.675,5.99,11.045,59,100.0,22.57,STRETCHED,PM low,FAVORABLE,0.85,,,,,2.0,score=214.47 relvol=9.5 float=85.24M,,,,CLOSE,8.29,36.28,2026-05-06T12:59:33,8.56,7.59
2026-05-06T07:17:29,2026-05-06,intraday,SKYX,LONG,HOLDING-LONG,1.2389,1.075,1.5667,610,100.0,11.11,IN_BAND,PM low,FAVORABLE,0.85,,,,,2.0,score=32.82 relvol=2.95 float=133.28M,,,,CLOSE,1.305,40.32,2026-05-06T12:59:33,1.445,1.2201
2026-05-06T07:17:30,2026-05-06,intraday,SMX,SHORT,FAILED-GAP-SHORT,1.241,1.41,0.903,591,100.0,13.78,IN_BAND,PM high,FAVORABLE,0.85,,,,,2.0,score=13.60 relvol=1.41 float=7.3M,,,,STOP,1.41,-99.88,2026-05-06T12:59:34,1.95,1.22
2026-05-06T07:17:32,2026-05-06,intraday,PN,SHORT,FAILED-GAP-SHORT,8.1625,8.73,7.0275,176,100.0,20.2,STRETCHED,PM high,FAVORABLE,0.85,,,,,2.0,score=9.14 relvol=0.65 float=2.54M,,,,CLOSE,8.15,2.2,2026-05-06T12:59:35,8.51,7.57
2026-05-06T07:17:33,2026-05-06,intraday,GDC,SHORT,FAILED-GAP-SHORT,6.91,8.12,4.49,82,100.0,25.21,STRETCHED,PM high,FAVORABLE,0.85,,,,,2.0,score=224.44 relvol=12.72 float=60.76M,,,,TARGET,4.49,198.44,2026-05-06T12:59:35,6.8,1.19
2026-05-06T07:17:35,2026-05-06,intraday,UPXI,SHORT,FAILED-GAP-SHORT,1.34,1.54,0.94,500,100.0,4.35,IN_BAND,PM high,FAVORABLE,0.85,,,,,2.0,score=3.82 relvol=1.26 float=69.34M,,,,CLOSE,1.4,-30.0,2026-05-06T12:59:36,1.45,1.3348
2026-05-06T07:17:37,2026-05-06,intraday,USEG,SHORT,ORB-SHORT,1.02,1.11,0.84,1111,100.0,-5.41,IN_BAND,PM high,FAVORABLE,0.85,,,,,2.0,score=0.39 relvol=0.4 float=53.07M,,,,CLOSE,1.0199,0.11,2026-05-06T12:59:36,1.046,1.0
2026-05-06T07:17:38,2026-05-06,intraday,QMCO,LONG,HOLDING-LONG,9.8029,8.76,11.8887,95,100.0,8.95,IN_BAND,PM low,FAVORABLE,0.85,,,,,2.0,score=86.83 relvol=9.7 float=14.64M,,,,CLOSE,10.03,21.57,2026-05-06T12:59:37,10.28,9.66
2026-05-06T07:17:40,2026-05-06,intraday,BIYA,SHORT,FAILED-GAP-SHORT,1.32,1.53,0.9,476,100.0,13.46,IN_BAND,PM high,FAVORABLE,0.85,,,,,2.0,score=0.67 relvol=0.07 float=4.12M,,,,CLOSE,1.165,73.78,2026-05-06T12:59:37,1.34,1.1101
2026-05-07T06:11:34,2026-05-07,abook,CLVT,LONG,MOO,2.5602,2.5218,2.637,2603,100.0,0.0,,FIXED,FAVORABLE,0.13,,,,,2.0,abook_rank fem=64 mode=PULLBACK,,,,TARGET,2.637,199.91,2026-05-07T14:02:32,2.9,2.78
2026-05-07T06:11:35,2026-05-07,abook,TRVI,LONG,MOO,14.66,14.4401,15.0998,454,100.0,0.0,,FIXED,FAVORABLE,0.13,,,,,2.0,abook_rank fem=100 mode=PULLBACK,,,,STOP,14.4401,-99.83,2026-05-07T14:02:33,14.225,13.5
2026-05-07T06:11:36,2026-05-07,abook,NOK,LONG,MOO,13.42,13.2187,13.8226,496,100.0,0.0,,FIXED,FAVORABLE,0.13,,,,,2.0,abook_rank fem=100 mode=BOUNCE,,,,STOP,13.2187,-99.84,2026-05-07T14:02:33,12.67,12.13
2026-05-07T06:11:38,2026-05-07,abook,CLVT,LONG,MOO,2.5602,2.5218,2.637,2603,100.0,0.0,,FIXED,FAVORABLE,0.14,,,,,2.0,abook_rank fem=64 mode=PULLBACK,,,,TARGET,2.637,199.91,2026-05-07T14:02:32,2.9,2.78
2026-05-07T06:11:39,2026-05-07,abook,TRVI,LONG,MOO,14.66,14.4401,15.0998,454,100.0,0.0,,FIXED,FAVORABLE,0.14,,,,,2.0,abook_rank fem=100 mode=PULLBACK,,,,STOP,14.4401,-99.83,2026-05-07T14:02:33,14.225,13.5
2026-05-07T06:11:40,2026-05-07,abook,NOK,LONG,MOO,13.42,13.2187,13.8226,496,100.0,0.0,,FIXED,FAVORABLE,0.14,,,,,2.0,abook_rank fem=100 mode=BOUNCE,,,,STOP,13.2187,-99.84,2026-05-07T14:02:33,12.67,12.13
2026-05-07T06:12:25,2026-05-07,momentum,VEEE,LONG,MOO_GENESIS,6.49,6.3926,6.6847,1027,100.0,33.11,EXTREME,FIXED,FAVORABLE,0.11,,,,,2.0,relvol=3.0x pm_vol=1402838,,,,TARGET,6.6847,199.96,2026-05-07T14:02:34,7.45,6.25
2026-05-07T06:12:58,2026-05-07,momentum,RXT,LONG,MOO_GENESIS,3.81,3.7529,3.9243,1749,100.0,76.21,PARABOLIC,FIXED,FAVORABLE,0.11,,,,,2.0,relvol=231.4x pm_vol=31432637,,,,TARGET,3.9243,199.91,2026-05-07T14:02:34,4.62,3.36
2026-05-07T06:13:17,2026-05-07,momentum,DDOG,LONG,MOO_GENESIS,187.2385,184.4299,192.8557,35,100.0,31.85,EXTREME,FIXED,FAVORABLE,0.11,,,,,2.0,relvol=50.0x pm_vol=2325048,,,,STOP,184.4299,-98.3,2026-05-07T14:02:35,188.9,179.47
2026-05-07T06:13:36,2026-05-07,momentum,PGY,LONG,MOO_GENESIS,16.6,16.351,17.098,401,100.0,14.36,IN_BAND,FIXED,FAVORABLE,0.11,,,,,2.0,relvol=13.8x pm_vol=975222,,,,STOP,16.351,-99.85,2026-05-07T14:02:35,16.25,15.085
2026-05-07T06:13:39,2026-05-07,momentum,SABR,LONG,MOO_GENESIS,2.21,2.1768,2.2763,3016,100.0,31.15,EXTREME,FIXED,FAVORABLE,0.11,,,,,2.0,relvol=785.5x pm_vol=3008084,,,,STOP,2.1768,-100.13,2026-05-07T14:02:36,2.11,1.94
2026-05-07T06:13:45,2026-05-07,momentum,APP,LONG,MOO_GENESIS,458.0,451.13,471.74,14,100.0,4.52,IN_BAND,FIXED,FAVORABLE,0.11,,,,,2.0,relvol=6.9x pm_vol=331200,,,,TARGET,471.74,192.36,2026-05-07T14:02:36,512.6899,457.54
2026-05-07T06:18:49,2026-05-07,short,VEEE,SHORT,SHORT_GENESIS_9_33,6.43,6.4943,6.3014,1555,100.0,-8.49,IN_BAND,FIXED,FAVORABLE,0.09,,,,,2.0,relvol=3.0x pm_vol=1410070 borrow=LOW,,,,TARGET,6.3014,199.97,2026-05-07T14:02:34,7.45,6.21
2026-05-07T06:19:10,2026-05-07,short,IOVA,SHORT,SHORT_GENESIS_9_33,3.52,3.5552,3.4496,2840,100.0,-23.47,STRETCHED,FIXED,FAVORABLE,0.09,,,,,2.0,relvol=22.8x pm_vol=3833533 borrow=MEDIUM,,,,STOP,3.5552,-99.97,2026-05-07T14:02:37,4.075,3.46
2026-05-07T06:19:24,2026-05-07,short,RXT,SHORT,SHORT_GENESIS_9_33,3.7398,3.7772,3.665,2673,100.0,-16.3,STRETCHED,FIXED,FAVORABLE,0.09,,,,,2.0,relvol=250.0x pm_vol=33961855 borrow=MEDIUM,,,,TARGET,3.665,199.94,2026-05-07T14:02:34,4.62,3.36
2026-05-07T06:19:44,2026-05-07,short,COHR,SHORT,SHORT_GENESIS_9_33,327.09,330.3609,320.5482,30,100.0,-5.82,IN_BAND,FIXED,FAVORABLE,0.09,,,,,2.0,relvol=2.3x pm_vol=490861 borrow=LOW,,,,STOP,330.3609,-98.13,2026-05-07T14:02:37,337.34,308.17
2026-05-07T06:20:11,2026-05-07,short,APP,SHORT,SHORT_GENESIS_9_33,457.02,461.5902,447.8796,21,100.0,-4.16,IN_BAND,FIXED,FAVORABLE,0.09,,,,,2.0,relvol=7.3x pm_vol=351832 borrow=LOW,,,,TARGET,447.8796,191.95,2026-05-07T14:02:36,512.6899,443.0
2026-05-07T06:35:00,2026-05-07,abook,CLVT,LONG,MOO,2.5602,2.5218,2.637,2603,100.0,0.0,,FIXED,FAVORABLE,0.16,,,,,2.0,abook_rank fem=64 mode=PULLBACK,,,,TARGET,2.637,199.91,2026-05-07T14:02:32,2.9,2.78
2026-05-07T06:35:01,2026-05-07,abook,TRVI,LONG,MOO,14.66,14.4401,15.0998,454,100.0,0.0,,FIXED,FAVORABLE,0.16,,,,,2.0,abook_rank fem=100 mode=PULLBACK,,,,STOP,14.4401,-99.83,2026-05-07T14:02:33,14.225,13.5
2026-05-07T06:35:03,2026-05-07,abook,NOK,LONG,MOO,13.42,13.2187,13.8226,496,100.0,0.0,,FIXED,FAVORABLE,0.16,,,,,2.0,abook_rank fem=100 mode=BOUNCE,,,,STOP,13.2187,-99.84,2026-05-07T14:02:33,12.67,12.13
2026-05-07T06:35:06,2026-05-07,abook,CLVT,LONG,MOO,2.5602,2.5218,2.637,2603,100.0,0.0,,FIXED,FAVORABLE,0.15,,,,,2.0,abook_rank fem=64 mode=PULLBACK,,,,TARGET,2.637,199.91,2026-05-07T14:02:32,2.9,2.78
2026-05-07T06:35:08,2026-05-07,abook,TRVI,LONG,MOO,14.66,14.4401,15.0998,454,100.0,0.0,,FIXED,FAVORABLE,0.15,,,,,2.0,abook_rank fem=100 mode=PULLBACK,,,,STOP,14.4401,-99.83,2026-05-07T14:02:33,14.225,13.5
2026-05-07T06:35:10,2026-05-07,abook,NOK,LONG,MOO,13.42,13.2187,13.8226,496,100.0,0.0,,FIXED,FAVORABLE,0.15,,,,,2.0,abook_rank fem=100 mode=BOUNCE,,,,STOP,13.2187,-99.84,2026-05-07T14:02:33,12.67,12.13
2026-05-07T06:36:48,2026-05-07,momentum,VEEE,LONG,MOO_GENESIS,6.3,6.2055,6.489,1058,100.0,33.11,EXTREME,FIXED,FAVORABLE,0.14,,,,,2.0,relvol=3.1x pm_vol=1432578,,,,TARGET,6.489,199.96,2026-05-07T14:02:34,7.45,6.25
2026-05-07T06:37:18,2026-05-07,momentum,FIG,LONG,MOO_GENESIS,20.11,19.8084,20.7133,331,100.0,5.44,IN_BAND,FIXED,FAVORABLE,0.14,,,,,2.0,relvol=2.1x pm_vol=491117,,,,TARGET,20.7133,199.69,2026-05-07T14:02:38,21.195,20.22
2026-05-07T06:37:38,2026-05-07,momentum,RXT,LONG,MOO_GENESIS,4.1882,4.1254,4.3138,1591,100.0,86.78,PARABOLIC,FIXED,FAVORABLE,0.14,,,,,2.0,relvol=320.0x pm_vol=43473877,,,,STOP,4.1254,-99.91,2026-05-07T14:02:34,4.62,3.36
2026-05-07T06:37:59,2026-05-07,momentum,DDOG,LONG,MOO_GENESIS,182.86,180.1171,188.3458,36,100.0,32.91,EXTREME,FIXED,FAVORABLE,0.14,,,,,2.0,relvol=59.0x pm_vol=2740462,,,,TARGET,188.3458,197.49,2026-05-07T14:02:35,188.9,179.47
2026-05-07T06:38:31,2026-05-07,momentum,PGY,LONG,MOO_GENESIS,16.99,16.7351,17.4997,392,100.0,16.12,STRETCHED,FIXED,FAVORABLE,0.14,,,,,2.0,relvol=16.4x pm_vol=1158255,,,,STOP,16.7351,-99.92,2026-05-07T14:02:35,16.25,15.085
2026-05-07T06:38:35,2026-05-07,momentum,SABR,LONG,MOO_GENESIS,2.153,2.1207,2.2176,3096,100.0,31.15,EXTREME,FIXED,FAVORABLE,0.14,,,,,2.0,relvol=819.5x pm_vol=3138172,,,,STOP,2.1207,-100.0,2026-05-07T14:02:36,2.11,1.94
2026-05-07T06:38:44,2026-05-07,momentum,APP,LONG,MOO_GENESIS,453.07,446.274,466.6621,14,100.0,4.52,IN_BAND,FIXED,FAVORABLE,0.14,,,,,2.0,relvol=9.0x pm_vol=434289,,,,TARGET,466.6621,190.29,2026-05-07T14:02:36,512.6899,457.54
2026-05-07T06:46:39,2026-05-07,short,VEEE,SHORT,SHORT_GENESIS_9_33,6.5325,6.5978,6.4018,1530,100.0,-8.49,IN_BAND,FIXED,FAVORABLE,0.08,,,,,2.0,relvol=3.1x pm_vol=1439620 borrow=LOW,,,,TARGET,6.4018,199.97,2026-05-07T14:02:34,7.45,6.21
2026-05-07T06:47:22,2026-05-07,short,IOVA,SHORT,SHORT_GENESIS_9_33,3.56,3.5956,3.4888,2808,100.0,-23.47,STRETCHED,FIXED,FAVORABLE,0.08,,,,,2.0,relvol=30.8x pm_vol=5176418 borrow=MEDIUM,,,,STOP,3.5956,-99.96,2026-05-07T14:02:37,4.075,3.46
2026-05-07T06:47:39,2026-05-07,short,RXT,SHORT,SHORT_GENESIS_9_33,3.975,4.0148,3.8955,2515,100.0,-16.3,STRETCHED,FIXED,FAVORABLE,0.08,,,,,2.0,relvol=340.7x pm_vol=46291665 borrow=MEDIUM,,,,TARGET,3.8955,199.94,2026-05-07T14:02:34,4.62,3.36
2026-05-07T06:48:06,2026-05-07,short,COHR,SHORT,SHORT_GENESIS_9_33,329.01,332.3001,322.4298,30,100.0,-5.82,IN_BAND,FIXED,FAVORABLE,0.08,,,,,2.0,relvol=2.7x pm_vol=565222 borrow=LOW,,,,STOP,332.3001,-98.7,2026-05-07T14:02:37,337.34,308.17
2026-05-07T06:48:46,2026-05-07,short,APP,SHORT,SHORT_GENESIS_9_33,454.0,458.54,444.92,22,100.0,-4.21,IN_BAND,FIXED,FAVORABLE,0.08,,,,,2.0,relvol=9.3x pm_vol=451166 borrow=LOW,,,,TARGET,444.92,199.76,2026-05-07T14:02:36,512.6899,443.0
2026-05-07T07:02:39,2026-05-07,intraday,RMSG,SHORT,FAILED-GAP-SHORT,1.5901,1.89,0.9903,333,100.0,28.79,STRETCHED,PM high,FAVORABLE,-0.01,,,,,2.0,score=980.79 relvol=48.67 float=9.26M,,,,CLOSE,1.75,-53.25,2026-05-07T14:02:38,1.86,1.5623
2026-05-07T07:02:41,2026-05-07,intraday,FLNC,SHORT,FAILED-GAP-SHORT,16.81,19.37,11.69,39,100.0,41.63,EXTREME,PM high,FAVORABLE,-0.01,,,,,2.0,score=187.29 relvol=6.43 float=132.44M,,,,STOP,19.37,-99.84,2026-05-07T14:02:39,19.59,16.31
2026-05-07T07:02:42,2026-05-07,intraday,SMX,LONG,HOLDING-LONG,1.805,1.42,2.575,259,100.0,4.58,IN_BAND,PM low,FAVORABLE,-0.01,,,,,2.0,score=12.99 relvol=2.84 float=7.3M,,,,STOP,1.42,-99.72,2026-05-07T14:02:39,1.84,1.11
2026-05-07T07:02:44,2026-05-07,intraday,CHSN,LONG,HOLDING-LONG,2.07,1.56,3.09,196,100.0,9.62,IN_BAND,PM low,FAVORABLE,-0.01,,,,,2.0,score=37.77 relvol=3.93 float=0.59M,,,,CLOSE,1.86,-41.16,2026-05-07T14:02:40,2.23,1.6
2026-05-07T07:02:45,2026-05-07,intraday,INO,LONG,HOLDING-LONG,1.34,1.25,1.52,1111,100.0,5.65,IN_BAND,PM low,FAVORABLE,-0.01,,,,,2.0,score=38.33 relvol=6.79 float=81.59M,,,,CLOSE,1.38,44.44,2026-05-07T14:02:40,1.43,1.26
2026-05-07T07:02:46,2026-05-07,intraday,OSG,LONG,HOLDING-LONG,5.55,5.18,6.29,270,100.0,26.78,STRETCHED,PM low,FAVORABLE,-0.01,,,,,2.0,score=430.35 relvol=16.07 float=45.01M,,,,CLOSE,5.98,116.1,2026-05-07T14:02:41,6.18,5.3533
2026-05-07T07:02:48,2026-05-07,intraday,SEGG,SHORT,FAILED-GAP-SHORT,1.39,1.59,0.99,499,100.0,3.65,IN_BAND,PM high,FAVORABLE,-0.01,,,,,2.0,score=1.40 relvol=0.55 float=15.11M,,,,STOP,1.59,-99.8,2026-05-07T14:02:41,1.59,1.335
2026-05-07T07:02:49,2026-05-07,intraday,NNBR,SHORT,FAILED-GAP-SHORT,2.7699,3.11,2.0897,294,100.0,17.06,STRETCHED,PM high,FAVORABLE,-0.01,,,,,2.0,score=124.34 relvol=10.41 float=50.19M,,,,CLOSE,2.76,2.91,2026-05-07T14:02:42,2.95,2.6201
2026-05-07T07:02:52,2026-05-07,intraday,ASPN,LONG,HOLDING-LONG,5.545,4.21,8.215,74,100.0,13.35,IN_BAND,PM low,FAVORABLE,-0.01,,,,,2.0,score=40.21 relvol=3.01 float=82.83M,,,,CLOSE,5.12,-31.45,2026-05-07T14:02:42,5.4,5.08
2026-05-07T07:02:53,2026-05-07,intraday,MASK,SHORT,FAILED-GAP-SHORT,2.63,2.98,1.93,285,100.0,10.33,IN_BAND,PM high,FAVORABLE,-0.01,,,,,2.0,score=1.80 relvol=0.25 float=1.13M,,,,CLOSE,2.47,45.6,2026-05-07T14:02:43,2.69,2.1
2026-05-07T07:02:55,2026-05-07,intraday,CCRN,LONG,HOLDING-LONG,13.045,12.77,13.595,363,100.0,28.78,STRETCHED,PM low,FAVORABLE,-0.01,,,,,2.0,score=421.03 relvol=14.63 float=32.2M,,,,CLOSE,13.07,9.08,2026-05-07T14:02:43,13.12,13.04
2026-05-07T07:02:56,2026-05-07,intraday,DNUT,SHORT,FAILED-GAP-SHORT,3.79,4.04,3.29,400,100.0,9.51,IN_BAND,PM high,FAVORABLE,-0.01,,,,,2.0,score=15.41 relvol=2.32 float=172.38M,,,,CLOSE,3.64,60.0,2026-05-07T14:02:44,3.8499,3.54
2026-05-08T05:52:38,2026-05-08,abook,TRVI,LONG,MOO,14.66,14.4401,15.0998,454,100.0,0.0,,FIXED,FAVORABLE,0.68,,,,,2.0,abook_rank fem=100 mode=PULLBACK,,,,TARGET,15.0998,199.67,2026-05-08T15:10:14,15.35,14.44
2026-05-08T05:52:38,2026-05-08,abook,NOK,LONG,MOO,13.42,13.2187,13.8226,496,100.0,0.0,,FIXED,FAVORABLE,0.68,,,,,2.0,abook_rank fem=100 mode=BOUNCE,,,,STOP,13.2187,-99.84,2026-05-08T15:10:15,13.05,12.68
2026-05-08T05:52:39,2026-05-08,abook,PLUG,LONG,MOO,3.32,3.2702,3.4196,2008,100.0,0.0,,FIXED,FAVORABLE,0.68,,,,,2.0,abook_rank fem=100 mode=PULLBACK,,,,STOP,3.2702,-100.0,2026-05-08T15:10:15,3.17,3.05
2026-05-08T05:52:42,2026-05-08,abook,TRVI,LONG,MOO,14.66,14.4401,15.0998,454,100.0,0.0,,FIXED,FAVORABLE,0.68,,,,,2.0,abook_rank fem=100 mode=PULLBACK,,,,TARGET,15.0998,199.67,2026-05-08T15:10:14,15.35,14.44
2026-05-08T05:52:42,2026-05-08,abook,NOK,LONG,MOO,13.42,13.2187,13.8226,496,100.0,0.0,,FIXED,FAVORABLE,0.68,,,,,2.0,abook_rank fem=100 mode=BOUNCE,,,,STOP,13.2187,-99.84,2026-05-08T15:10:15,13.05,12.68
2026-05-08T05:52:43,2026-05-08,abook,PLUG,LONG,MOO,3.32,3.2702,3.4196,2008,100.0,0.0,,FIXED,FAVORABLE,0.68,,,,,2.0,abook_rank fem=100 mode=PULLBACK,,,,STOP,3.2702,-100.0,2026-05-08T15:10:15,3.17,3.05
2026-05-08T05:52:57,2026-05-08,momentum,FLNC,LONG,MOO_GENESIS,23.0103,22.6651,23.7006,289,100.0,28.1,STRETCHED,FIXED,FAVORABLE,0.68,,,,,2.0,relvol=6.9x pm_vol=3470247,,,,TARGET,23.7006,199.5,2026-05-08T15:10:16,26.98,23.52
2026-05-08T05:55:42,2026-05-08,momentum,AIIO,LONG,MOO_GENESIS,0.9999,0.9849,1.0299,6667,100.0,85.0,PARABOLIC,FIXED,FAVORABLE,0.68,,,,,2.0,relvol=6462.0x pm_vol=72618754,,,,STOP,0.9849,-100.01,2026-05-08T15:10:16,1.3,0.86
2026-05-08T05:55:44,2026-05-08,momentum,AEHL,LONG,MOO_GENESIS,0.9884,0.9736,1.0181,6744,100.0,100.04,PARABOLIC,FIXED,FAVORABLE,0.68,,,,,2.0,relvol=2534.8x pm_vol=27557262,,,,TARGET,1.0181,200.3,2026-05-08T15:10:17,2.84,0.5555
2026-05-08T05:55:46,2026-05-08,momentum,TRAW,LONG,MOO_GENESIS,2.0002,1.9702,2.0602,3333,100.0,51.76,PARABOLIC,FIXED,FAVORABLE,0.68,,,,,2.0,relvol=18011.4x pm_vol=35089868,,,,TARGET,2.0602,199.98,2026-05-08T15:10:17,2.3999,1.79
2026-05-08T05:55:48,2026-05-08,momentum,CTM,LONG,MOO_GENESIS,0.7696,0.7581,0.7927,8662,100.0,24.93,STRETCHED,FIXED,FAVORABLE,0.68,,,,,2.0,relvol=277.6x pm_vol=10923635,,,,STOP,0.7581,-99.61,2026-05-08T15:10:18,0.7995,0.7302
2026-05-08T05:55:50,2026-05-08,momentum,IREN,LONG,MOO_GENESIS,64.6488,63.6791,66.5883,103,100.0,14.92,IN_BAND,FIXED,FAVORABLE,0.68,,,,,2.0,relvol=2.9x pm_vol=5579959,,,,STOP,63.6791,-99.88,2026-05-08T15:10:18,63.66,57.91
2026-05-08T05:55:53,2026-05-08,momentum,CTNT,LONG,MOO_GENESIS,2.7174,2.6766,2.7989,2453,100.0,37.65,EXTREME,FIXED,FAVORABLE,0.68,,,,,2.0,relvol=75.7x pm_vol=5211041,,,,TARGET,2.7989,199.92,2026-05-08T15:10:19,3.13,2.61
2026-05-08T05:55:56,2026-05-08,momentum,ARTV,LONG,MOO_GENESIS,12.6,12.411,12.978,529,100.0,27.8,STRETCHED,FIXED,FAVORABLE,0.68,,,,,2.0,relvol=604.4x pm_vol=1735778,,,,STOP,12.411,-99.98,2026-05-08T15:10:19,12.6799,10.82
2026-05-08T05:55:57,2026-05-08,momentum,BCDA,LONG,MOO_GENESIS,1.1365,1.1195,1.1706,5865,100.0,22.02,STRETCHED,FIXED,FAVORABLE,0.68,,,,,2.0,relvol=1928.5x pm_vol=3543121,,,,STOP,1.1195,-99.71,2026-05-08T15:10:20,1.16,1.04
2026-05-08T05:56:04,2026-05-08,momentum,PMAX,LONG,MOO_GENESIS,4.003,3.943,4.1231,1665,100.0,29.52,STRETCHED,FIXED,FAVORABLE,0.68,,,,,2.0,relvol=3.4x pm_vol=5145220,,,,STOP,3.943,-99.9,2026-05-08T15:10:20,4.4,3.81
2026-05-08T05:56:13,2026-05-08,momentum,TDIC,LONG,MOO_GENESIS,1.0102,0.995,1.0405,6599,100.0,38.53,EXTREME,FIXED,FAVORABLE,0.68,,,,,2.0,relvol=492.1x pm_vol=2923638,,,,TARGET,1.0405,199.95,2026-05-08T15:10:21,1.29,1.1105
2026-05-08T05:56:18,2026-05-08,momentum,GMEX,LONG,MOO_GENESIS,1.8,1.773,1.854,3703,100.0,24.42,STRETCHED,FIXED,FAVORABLE,0.68,,,,,2.0,relvol=7.1x pm_vol=1237437,,,,TARGET,1.854,199.96,2026-05-08T15:10:21,2.3437,1.84
2026-05-08T06:01:23,2026-05-08,short,HUBS,SHORT,SHORT_GENESIS_9_33,184.2,186.042,180.516,54,100.0,-25.74,STRETCHED,FIXED,FAVORABLE,0.58,,,,,2.0,relvol=46.5x pm_vol=353098 borrow=LOW,,,,STOP,186.042,-99.47,2026-05-08T15:10:22,198.09,183.59
2026-05-08T06:02:51,2026-05-08,short,ARTV,SHORT,SHORT_GENESIS_9_33,12.93,13.0593,12.6714,773,100.0,-18.29,STRETCHED,FIXED,FAVORABLE,0.58,,,,,2.0,relvol=613.6x pm_vol=1762372 borrow=LOW,,,,TARGET,12.6714,199.9,2026-05-08T15:10:19,12.6799,10.2
2026-05-08T06:03:00,2026-05-08,short,PMAX,SHORT,SHORT_GENESIS_9_33,4.0526,4.0931,3.9715,2467,100.0,-7.14,IN_BAND,FIXED,FAVORABLE,0.58,,,,,2.0,relvol=3.4x pm_vol=5179463 borrow=MEDIUM,,,,TARGET,3.9715,200.07,2026-05-08T15:10:20,4.4,3.76
2026-05-08T06:03:09,2026-05-08,short,TDIC,SHORT,SHORT_GENESIS_9_33,1.02,1.0302,0.9996,9803,100.0,-15.25,STRETCHED,FIXED,FAVORABLE,0.58,,,,,2.0,"relvol=493.7x pm_vol=2933185 borrow=EXTREME (sub-$1.50, locate often unavailable or > $5/share/day)",,,,STOP,1.0302,-99.99,2026-05-08T15:10:21,1.29,1.0701
2026-05-08T06:03:11,2026-05-08,short,LFST,SHORT,SHORT_GENESIS_9_33,7.84,7.9184,7.6832,1275,100.0,-12.99,IN_BAND,FIXED,FAVORABLE,0.58,,,,,2.0,relvol=398.8x pm_vol=3091859 borrow=LOW,,,,STOP,7.9184,-99.96,2026-05-08T15:10:22,7.945,7.665
2026-05-08T06:03:13,2026-05-08,short,TTD,SHORT,SHORT_GENESIS_9_33,20.4,20.604,19.992,490,100.0,-16.09,STRETCHED,FIXED,FAVORABLE,0.58,,,,,2.0,relvol=6.8x pm_vol=1409650 borrow=LOW,,,,STOP,20.604,-99.96,2026-05-08T15:10:22,23.14,21.195
2026-05-08T06:03:17,2026-05-08,short,GMEX,SHORT,SHORT_GENESIS_9_33,1.76,1.7776,1.7248,5681,100.0,-25.35,STRETCHED,FIXED,FAVORABLE,0.58,,,,,2.0,relvol=7.2x pm_vol=1250136 borrow=HIGH (low-priced low-float — verify locate before entering),,,,STOP,1.7776,-99.99,2026-05-08T15:10:21,2.3437,1.74
2026-05-11T05:39:07,2026-05-11,abook,CLVT,LONG,MOO,2.5602,2.5218,2.637,2603,100.0,0.0,,FIXED,FAVORABLE,-0.1,,,,,2.0,abook_rank fem=64 mode=PULLBACK,SINGLE,,,TARGET,2.637,199.91,2026-05-11T13:21:11,2.87,2.75
2026-05-11T05:39:09,2026-05-11,abook,TRVI,LONG,MOO,14.66,14.4401,15.0998,454,100.0,0.0,,FIXED,FAVORABLE,-0.1,,,,,2.0,abook_rank fem=100 mode=PULLBACK,SINGLE,,,CLOSE,14.89,104.42,2026-05-11T13:21:11,14.91,14.525
2026-05-11T05:39:09,2026-05-11,abook,NOK,LONG,MOO,13.42,13.2187,13.8226,496,100.0,0.0,,FIXED,FAVORABLE,-0.1,,,,,2.0,abook_rank fem=100 mode=BOUNCE,SINGLE,,,STOP,13.2187,-99.84,2026-05-11T13:21:12,14.05,12.95
2026-05-11T05:39:10,2026-05-11,abook,PLUG,LONG,MOO,3.32,3.2702,3.4196,2008,100.0,0.0,,FIXED,FAVORABLE,-0.1,,,,,2.0,abook_rank fem=100 mode=PULLBACK,SINGLE,,,TARGET,3.4196,200.0,2026-05-11T13:21:12,3.635,3.42
2026-05-11T05:39:12,2026-05-11,abook,CLVT,LONG,MOO,2.5602,2.5218,2.637,2603,100.0,0.0,,FIXED,FAVORABLE,-0.09,,,,,2.0,abook_rank fem=64 mode=PULLBACK,SINGLE,,,TARGET,2.637,199.91,2026-05-11T13:21:11,2.87,2.75
2026-05-11T05:39:13,2026-05-11,abook,TRVI,LONG,MOO,14.66,14.4401,15.0998,454,100.0,0.0,,FIXED,FAVORABLE,-0.09,,,,,2.0,abook_rank fem=100 mode=PULLBACK,SINGLE,,,CLOSE,14.89,104.42,2026-05-11T13:21:11,14.91,14.525
2026-05-11T05:39:13,2026-05-11,abook,NOK,LONG,MOO,13.42,13.2187,13.8226,496,100.0,0.0,,FIXED,FAVORABLE,-0.09,,,,,2.0,abook_rank fem=100 mode=BOUNCE,SINGLE,,,STOP,13.2187,-99.84,2026-05-11T13:21:12,14.05,12.95
2026-05-11T05:39:14,2026-05-11,abook,PLUG,LONG,MOO,3.32,3.2702,3.4196,2008,100.0,0.0,,FIXED,FAVORABLE,-0.09,,,,,2.0,abook_rank fem=100 mode=PULLBACK,SINGLE,,,TARGET,3.4196,200.0,2026-05-11T13:21:12,3.635,3.42
2026-05-11T05:39:21,2026-05-11,momentum,CLIK,LONG,MOO_GENESIS,3.99,3.9302,4.1097,1670,100.0,137.67,PARABOLIC,FIXED,FAVORABLE,-0.09,,,,,2.0,relvol=11566.8x pm_vol=27940679,SINGLE,,,STOP,3.9302,-99.87,2026-05-11T13:21:13,2.84,1.77
2026-05-11T05:39:23,2026-05-11,momentum,HPAI,LONG,MOO_GENESIS,1.4099,1.3888,1.4522,4728,100.0,73.41,PARABOLIC,FIXED,FAVORABLE,-0.09,,,,,2.0,relvol=543.4x pm_vol=15984351,SINGLE,,,STOP,1.3888,-99.76,2026-05-11T13:21:13,1.56,1.24
2026-05-11T05:39:24,2026-05-11,momentum,MRAM,LONG,MOO_GENESIS,36.49,35.9427,37.5847,182,100.0,48.13,EXTREME,FIXED,FAVORABLE,-0.09,,,,,2.0,relvol=15.9x pm_vol=1763334,SINGLE,,,STOP,35.9427,-99.61,2026-05-11T13:21:14,44.67,33.66
2026-05-11T05:39:26,2026-05-11,momentum,GAMB,LONG,MOO_GENESIS,5.43,5.3485,5.5929,1227,100.0,33.04,EXTREME,FIXED,FAVORABLE,-0.09,,,,,2.0,relvol=3246.9x pm_vol=4021771,SINGLE,,,STOP,5.3485,-100.0,2026-05-11T13:21:14,4.91,4.31
2026-05-11T05:39:29,2026-05-11,momentum,KIDZ,LONG,MOO_GENESIS,0.6835,0.6732,0.704,9753,100.0,35.17,EXTREME,FIXED,FAVORABLE,-0.09,,,,,2.0,relvol=70.4x pm_vol=28787414,SINGLE,,,STOP,0.6732,-100.46,2026-05-11T13:21:15,0.5508,0.4155
2026-05-11T05:39:30,2026-05-11,momentum,GCTS,LONG,MOO_GENESIS,1.88,1.8518,1.9364,3546,100.0,27.65,STRETCHED,FIXED,FAVORABLE,-0.09,,,,,2.0,relvol=5.6x pm_vol=2768406,SINGLE,,,STOP,1.8518,-100.0,2026-05-11T13:21:15,1.725,1.6
2026-05-11T05:39:32,2026-05-11,momentum,PRSO,LONG,MOO_GENESIS,1.09,1.0736,1.1227,6116,100.0,28.1,STRETCHED,FIXED,FAVORABLE,-0.09,,,,,2.0,relvol=57.4x pm_vol=3413671,SINGLE,,,TARGET,1.1227,199.99,2026-05-11T13:21:16,1.59,1.19
2026-05-11T05:39:37,2026-05-11,momentum,SIDU,LONG,MOO_GENESIS,3.59,3.5361,3.6977,1857,100.0,9.97,IN_BAND,FIXED,FAVORABLE,-0.09,,,,,2.0,relvol=2.8x pm_vol=1313353,SINGLE,,,STOP,3.5361,-100.09,2026-05-11T13:21:16,3.95,3.475
2026-05-11T05:39:45,2026-05-11,momentum,CRCL,LONG,MOO_GENESIS,116.22,114.4767,119.7066,57,100.0,8.55,IN_BAND,FIXED,FAVORABLE,-0.09,,,,,2.0,relvol=2.6x pm_vol=3986678,SINGLE,,,STOP,114.4767,-99.37,2026-05-11T13:21:17,134.8,112.8
2026-05-11T05:40:03,2026-05-11,momentum,ZBAO,LONG,MOO_GENESIS,0.5758,0.5672,0.5931,11578,100.0,38.93,EXTREME,FIXED,FAVORABLE,-0.09,,,,,2.0,relvol=3015.9x pm_vol=2724359,SINGLE,,,TARGET,0.5931,200.3,2026-05-11T13:21:17,0.73,0.6026
2026-05-11T05:40:06,2026-05-11,momentum,MWG,LONG,MOO_GENESIS,1.51,1.4873,1.5553,4415,100.0,41.95,EXTREME,FIXED,FAVORABLE,-0.09,,,,,2.0,relvol=5255.5x pm_vol=3996788,SINGLE,,,TARGET,1.5553,200.0,2026-05-11T13:21:18,1.78,1.4972
2026-05-11T05:40:19,2026-05-11,momentum,HIMS,LONG,MOO_GENESIS,29.37,28.9294,30.2511,226,100.0,7.89,IN_BAND,FIXED,FAVORABLE,-0.09,,,,,2.0,relvol=2.6x pm_vol=1036040,SINGLE,,,STOP,28.9294,-99.58,2026-05-11T13:21:18,30.385,28.6191
2026-05-11T05:40:22,2026-05-11,momentum,MRNA,LONG,MOO_GENESIS,57.83,56.9626,59.5649,115,100.0,10.16,IN_BAND,FIXED,FAVORABLE,-0.09,,,,,2.0,relvol=5.7x pm_vol=916233,SINGLE,,,STOP,56.9626,-99.75,2026-05-11T13:21:19,58.9099,51.3901
2026-05-11T05:40:42,2026-05-11,momentum,SATL,LONG,MOO_GENESIS,7.92,7.8012,8.1576,841,100.0,13.34,IN_BAND,FIXED,FAVORABLE,-0.09,,,,,2.0,relvol=3.2x pm_vol=582638,SINGLE,,,TARGET,8.1576,199.82,2026-05-11T13:21:19,8.8999,7.93
2026-05-11T05:40:54,2026-05-11,momentum,DXYZ,LONG,MOO_GENESIS,58.27,57.3959,60.0181,114,100.0,9.89,IN_BAND,FIXED,FAVORABLE,-0.09,,,,,2.0,relvol=2.2x pm_vol=380747,SINGLE,,,TARGET,60.0181,199.28,2026-05-11T13:21:20,71.24,60.22
2026-05-11T05:41:10,2026-05-11,momentum,MNTS,LONG,MOO_GENESIS,6.25,6.1562,6.4375,1066,100.0,19.23,STRETCHED,FIXED,FAVORABLE,-0.09,,,,,2.0,relvol=6.6x pm_vol=612628,SINGLE,,,STOP,6.1562,-99.99,2026-05-11T13:21:20,7.3,5.52
2026-05-11T05:46:10,2026-05-11,short,CLIK,SHORT,SHORT_GENESIS_9_33,4.0134,4.0535,3.9331,2491,100.0,-5.38,IN_BAND,FIXED,FAVORABLE,-0.05,,,,,2.0,relvol=11865.1x pm_vol=28661451 borrow=MEDIUM,SINGLE,,,TARGET,3.9331,200.03,2026-05-11T13:21:13,3.44,1.77
2026-05-11T05:46:30,2026-05-11,short,CRCL,SHORT,SHORT_GENESIS_9_33,115.55,116.7055,113.239,86,100.0,-4.53,IN_BAND,FIXED,FAVORABLE,-0.05,,,,,2.0,relvol=2.6x pm_vol=4079922 borrow=LOW,SINGLE,,,TARGET,113.239,198.75,2026-05-11T13:21:17,134.8,105.36
2026-05-11T05:46:45,2026-05-11,short,KEEL,SHORT,SHORT_GENESIS_9_33,3.61,3.6461,3.5378,2770,100.0,-9.82,IN_BAND,FIXED,FAVORABLE,-0.05,,,,,2.0,relvol=2.1x pm_vol=2947072 borrow=MEDIUM,SINGLE,,,STOP,3.6461,-100.0,2026-05-11T13:21:21,4.5,3.7701
2026-05-11T05:46:49,2026-05-11,short,ZBAO,SHORT,SHORT_GENESIS_9_33,0.5962,0.6022,0.5843,16772,100.0,-16.76,STRETCHED,FIXED,FAVORABLE,-0.05,,,,,2.0,"relvol=3016.6x pm_vol=2725017 borrow=EXTREME (sub-$1.50, locate often unavailable or > $5/share/day)",SINGLE,,,STOP,0.6022,-100.63,2026-05-11T13:21:17,0.73,0.5801
2026-05-11T05:46:53,2026-05-11,short,MWG,SHORT,SHORT_GENESIS_9_33,1.51,1.5251,1.4798,6622,100.0,-20.29,STRETCHED,FIXED,FAVORABLE,-0.05,,,,,2.0,relvol=5258.9x pm_vol=3999396 borrow=HIGH (low-priced low-float — verify locate before entering),SINGLE,,,TARGET,1.4798,199.98,2026-05-11T13:21:18,1.78,1.41
2026-05-11T05:47:13,2026-05-11,short,TE,SHORT,SHORT_GENESIS_9_33,5.8612,5.9198,5.744,1706,100.0,-6.49,IN_BAND,FIXED,FAVORABLE,-0.05,,,,,2.0,relvol=2.9x pm_vol=295992 borrow=LOW,SINGLE,,,STOP,5.9198,-99.97,2026-05-11T13:21:21,6.58,6.0
2026-05-11T05:47:50,2026-05-11,short,CSIQ,SHORT,SHORT_GENESIS_9_33,19.01,19.2001,18.6298,526,100.0,-8.28,IN_BAND,FIXED,FAVORABLE,-0.05,,,,,2.0,relvol=3.5x pm_vol=270711 borrow=LOW,SINGLE,,,STOP,19.2001,-99.99,2026-05-11T13:21:22,20.85,19.815
2026-05-11T07:02:35,2026-05-11,intraday,HPAI,LONG,HOLDING-LONG,1.38,1.23,1.68,666,100.0,29.8,STRETCHED,PM low,FAVORABLE,0.14,,,,,2.0,score=5647.31 relvol=189.48 float=37.65M,SINGLE,,,CLOSE,1.32,-39.96,2026-05-11T13:21:13,1.56,1.24
2026-05-11T07:02:36,2026-05-11,intraday,PRSO,LONG,HOLDING-LONG,1.185,1.01,1.535,571,100.0,14.99,IN_BAND,PM low,FAVORABLE,0.14,,,,,2.0,score=110.41 relvol=7.37 float=12.63M,SINGLE,,,TARGET,1.535,199.85,2026-05-11T13:21:16,1.59,1.19
2026-05-11T07:02:37,2026-05-11,intraday,GCTS,SHORT,FAILED-GAP-SHORT,1.735,2.17,0.865,229,100.0,7.06,IN_BAND,PM high,FAVORABLE,0.14,,,,,2.0,score=6.73 relvol=1.36 float=72.49M,SINGLE,,,CLOSE,1.64,21.76,2026-05-11T13:21:15,1.725,1.6
2026-05-11T07:02:39,2026-05-11,intraday,GAMB,SHORT,FAILED-GAP-SHORT,4.94,6.0,2.82,94,100.0,16.19,STRETCHED,PM high,FAVORABLE,0.14,,,,,2.0,score=108.79 relvol=9.6 float=35.1M,SINGLE,,,CLOSE,4.39,51.7,2026-05-11T13:21:14,4.91,4.31
2026-05-11T07:02:40,2026-05-11,intraday,INO,SHORT,FAILED-GAP-SHORT,1.41,1.6955,0.839,350,100.0,11.64,IN_BAND,PM high,FAVORABLE,0.14,,,,,2.0,score=16.32 relvol=2.0 float=81.59M,SINGLE,,,CLOSE,1.43,-7.0,2026-05-11T13:21:22,1.505,1.39
2026-05-11T07:02:42,2026-05-11,intraday,GSIT,LONG,HOLDING-LONG,10.67,8.72,14.57,51,100.0,9.94,IN_BAND,PM low,FAVORABLE,0.14,,,,,2.0,score=42.04 relvol=4.23 float=36.19M,SINGLE,,,CLOSE,11.77,56.1,2026-05-11T13:21:23,12.42,11.03
2026-05-11T07:02:43,2026-05-11,intraday,DRTS,LONG,HOLDING-LONG,9.99,8.6,12.77,71,100.0,14.57,IN_BAND,PM low,FAVORABLE,0.14,,,,,2.0,score=49.44 relvol=3.39 float=88.01M,SINGLE,,,CLOSE,10.32,23.43,2026-05-11T13:21:23,10.8,9.8501
2026-05-11T07:02:44,2026-05-11,intraday,MNTS,LONG,HOLDING-LONG,5.89,5.52,6.63,270,100.0,7.88,IN_BAND,PM low,FAVORABLE,0.14,,,,,2.0,score=18.57 relvol=2.36 float=6.18M,SINGLE,,,TARGET,6.63,199.8,2026-05-11T13:21:20,7.3,5.52
2026-05-11T07:02:46,2026-05-11,intraday,ASAN,SHORT,FAILED-GAP-SHORT,6.565,7.04,5.615,210,100.0,3.17,IN_BAND,PM high,FAVORABLE,0.14,,,,,2.0,score=0.86 relvol=0.39 float=237.36M,SINGLE,,,CLOSE,6.34,47.25,2026-05-11T13:21:24,6.49,6.07
2026-05-12T05:54:27,2026-05-12,abook,TRVI,LONG,MOO,14.66,14.4401,15.0998,454,100.0,0.0,,FIXED,FAVORABLE,-0.35,,,,,2.0,abook_rank fem=100 mode=PULLBACK,SINGLE,,,CLOSE,14.78,54.48,2026-05-13T02:54:51,15.02,14.55
2026-05-12T05:54:27,2026-05-12,abook,NOK,LONG,MOO,13.42,13.2187,13.8226,496,100.0,0.0,,FIXED,FAVORABLE,-0.35,,,,,2.0,abook_rank fem=100 mode=BOUNCE,SINGLE,,,STOP,13.2187,-99.84,2026-05-13T02:54:52,13.415,12.83
2026-05-12T05:54:31,2026-05-12,abook,TRVI,LONG,MOO,14.66,14.4401,15.0998,454,100.0,0.0,,FIXED,FAVORABLE,-0.36,,,,,2.0,abook_rank fem=100 mode=PULLBACK,SINGLE,,,CLOSE,14.78,54.48,2026-05-13T02:54:51,15.02,14.55
2026-05-12T05:54:32,2026-05-12,abook,NOK,LONG,MOO,13.42,13.2187,13.8226,496,100.0,0.0,,FIXED,FAVORABLE,-0.36,,,,,2.0,abook_rank fem=100 mode=BOUNCE,SINGLE,,,STOP,13.2187,-99.84,2026-05-13T02:54:52,13.415,12.83
2026-05-12T05:54:38,2026-05-12,momentum,BZFD,LONG,MOO_GENESIS,1.4585,1.4366,1.5023,4570,100.0,128.8,PARABOLIC,FIXED,FAVORABLE,-0.35,,,,,2.0,relvol=23157.0x pm_vol=17293679,SINGLE,,,TARGET,1.5023,200.17,2026-05-13T02:54:52,1.75,1.35
2026-05-12T05:54:39,2026-05-12,momentum,CNCK,LONG,MOO_GENESIS,2.3801,2.3444,2.4515,2801,100.0,60.0,PARABOLIC,FIXED,FAVORABLE,-0.35,,,,,2.0,relvol=85449.4x pm_vol=28659739,SINGLE,,,STOP,2.3444,-100.0,2026-05-13T02:54:53,2.345,1.97
2026-05-12T05:54:41,2026-05-12,momentum,TDIC,LONG,MOO_GENESIS,1.59,1.5662,1.6377,4192,100.0,150.96,PARABOLIC,FIXED,FAVORABLE,-0.35,,,,,2.0,relvol=40.2x pm_vol=24906992,SINGLE,,,TARGET,1.6377,199.96,2026-05-13T02:54:53,2.87,1.41
2026-05-12T05:54:43,2026-05-12,momentum,HTCO,LONG,MOO_GENESIS,10.25,10.0962,10.5575,650,100.0,55.74,PARABOLIC,FIXED,FAVORABLE,-0.35,,,,,2.0,relvol=50.3x pm_vol=4434313,SINGLE,,,STOP,10.0962,-99.97,2026-05-13T02:54:54,12.12,7.3
2026-05-12T05:54:45,2026-05-12,momentum,RPGL,LONG,MOO_GENESIS,0.5476,0.5394,0.564,12174,100.0,64.8,PARABOLIC,FIXED,FAVORABLE,-0.35,,,,,2.0,relvol=109.7x pm_vol=13555344,SINGLE,,,STOP,0.5394,-99.83,2026-05-13T02:54:54,0.5397,0.4345
2026-05-12T05:54:46,2026-05-12,momentum,QUBT,LONG,MOO_GENESIS,12.7258,12.5349,13.1076,523,100.0,31.14,EXTREME,FIXED,FAVORABLE,-0.35,,,,,2.0,relvol=30.1x pm_vol=13521619,SINGLE,,,TARGET,13.1076,199.68,2026-05-13T02:54:55,13.415,11.29
2026-05-12T05:54:48,2026-05-12,momentum,AMBO,LONG,MOO_GENESIS,2.55,2.5117,2.6265,2614,100.0,53.08,PARABOLIC,FIXED,FAVORABLE,-0.35,,,,,2.0,relvol=7909.7x pm_vol=1969508,SINGLE,,,STOP,2.5117,-100.12,2026-05-13T02:54:55,2.5199,1.9901
2026-05-12T05:54:49,2026-05-12,momentum,WEN,LONG,MOO_GENESIS,7.85,7.7322,8.0855,849,100.0,26.48,STRETCHED,FIXED,FAVORABLE,-0.35,,,,,2.0,relvol=18.6x pm_vol=5554795,SINGLE,,,STOP,7.7322,-100.01,2026-05-13T02:54:56,8.02,7.41
2026-05-12T05:54:51,2026-05-12,momentum,MGNX,LONG,MOO_GENESIS,3.4,3.349,3.502,1960,100.0,38.64,EXTREME,FIXED,FAVORABLE,-0.35,,,,,2.0,relvol=1291.5x pm_vol=2373143,SINGLE,,,TARGET,3.502,199.92,2026-05-13T02:54:56,3.77,3.46
2026-05-12T05:54:54,2026-05-12,momentum,PLUG,LONG,MOO_GENESIS,3.9081,3.8495,4.0253,1705,100.0,13.07,IN_BAND,FIXED,FAVORABLE,-0.35,,,,,2.0,relvol=6.0x pm_vol=11494593,SINGLE,,,STOP,3.8495,-99.91,2026-05-13T02:54:57,3.89,3.46
2026-05-12T05:54:55,2026-05-12,momentum,XOS,LONG,MOO_GENESIS,2.1101,2.0784,2.1734,3159,100.0,50.79,PARABOLIC,FIXED,FAVORABLE,-0.35,,,,,2.0,relvol=4508.2x pm_vol=4213623,SINGLE,,,STOP,2.0784,-100.14,2026-05-13T02:54:57,2.13,1.83
2026-05-12T05:54:57,2026-05-12,momentum,VG,LONG,MOO_GENESIS,12.65,12.4603,13.0295,527,100.0,11.96,IN_BAND,FIXED,FAVORABLE,-0.35,,,,,2.0,relvol=4.4x pm_vol=1571038,SINGLE,,,TARGET,13.0295,200.0,2026-05-13T02:54:58,13.595,12.505
2026-05-12T05:54:59,2026-05-12,momentum,TE,LONG,MOO_GENESIS,6.6,6.501,6.798,1010,100.0,28.31,STRETCHED,FIXED,FAVORABLE,-0.35,,,,,2.0,relvol=39.0x pm_vol=5962030,SINGLE,,,STOP,6.501,-99.99,2026-05-13T02:54:58,6.255,5.5
2026-05-12T05:55:01,2026-05-12,momentum,RZLV,LONG,MOO_GENESIS,2.82,2.7777,2.9046,2364,100.0,6.25,IN_BAND,FIXED,FAVORABLE,-0.35,,,,,2.0,relvol=3.7x pm_vol=2817737,SINGLE,,,STOP,2.7777,-100.0,2026-05-13T02:54:59,2.91,2.65
2026-05-12T05:55:09,2026-05-12,momentum,RGTI,LONG,MOO_GENESIS,20.9,20.5865,21.527,318,100.0,7.8,IN_BAND,FIXED,FAVORABLE,-0.35,,,,,2.0,relvol=4.2x pm_vol=4143039,SINGLE,,,STOP,20.5865,-99.69,2026-05-13T02:54:59,20.651,18.2301
2026-05-12T05:55:10,2026-05-12,momentum,LAES,LONG,MOO_GENESIS,3.09,3.0436,3.1827,2157,100.0,3.92,IN_BAND,FIXED,FAVORABLE,-0.35,,,,,2.0,relvol=2.1x pm_vol=1490286,SINGLE,,,STOP,3.0436,-100.08,2026-05-13T02:55:00,3.12,2.865
2026-05-12T05:55:12,2026-05-12,momentum,IONQ,LONG,MOO_GENESIS,57.84,56.9724,59.5752,115,100.0,7.47,IN_BAND,FIXED,FAVORABLE,-0.35,,,,,2.0,relvol=2.2x pm_vol=4306771,SINGLE,,,STOP,56.9724,-99.77,2026-05-13T02:55:00,57.8899,52.17
2026-05-12T05:55:21,2026-05-12,momentum,MOBX,LONG,MOO_GENESIS,2.15,2.1178,2.2145,3100,100.0,37.95,EXTREME,FIXED,FAVORABLE,-0.35,,,,,2.0,relvol=66.3x pm_vol=1865155,SINGLE,,,TARGET,2.2145,199.95,2026-05-13T02:55:01,2.35,1.875
2026-05-12T05:55:23,2026-05-12,momentum,GPRO,LONG,MOO_GENESIS,1.25,1.2312,1.2875,5333,100.0,7.74,IN_BAND,FIXED,FAVORABLE,-0.35,,,,,2.0,relvol=6.8x pm_vol=1483362,SINGLE,,,STOP,1.2312,-100.26,2026-05-13T02:55:01,1.17,1.08
2026-05-12T05:55:25,2026-05-12,momentum,QBTS,LONG,MOO_GENESIS,23.02,22.6747,23.7106,289,100.0,8.61,IN_BAND,FIXED,FAVORABLE,-0.35,,,,,2.0,relvol=8.6x pm_vol=6709329,SINGLE,,,TARGET,23.7106,199.58,2026-05-13T02:55:02,23.91,20.88
2026-05-12T05:55:28,2026-05-12,momentum,VTGN,LONG,MOO_GENESIS,0.6249,0.6155,0.6436,10668,100.0,19.0,STRETCHED,FIXED,FAVORABLE,-0.35,,,,,2.0,relvol=368.3x pm_vol=4132429,SINGLE,,,STOP,0.6155,-100.28,2026-05-13T02:55:02,0.638,0.611
2026-05-12T05:56:09,2026-05-12,momentum,URG,LONG,MOO_GENESIS,1.8797,1.8515,1.9361,3546,100.0,12.64,IN_BAND,FIXED,FAVORABLE,-0.35,,,,,2.0,relvol=6.8x pm_vol=460076,SINGLE,,,STOP,1.8515,-100.0,2026-05-13T02:55:03,1.95,1.78
2026-05-12T05:56:13,2026-05-12,momentum,GSIT,LONG,MOO_GENESIS,12.25,12.0663,12.6175,544,100.0,10.07,IN_BAND,FIXED,FAVORABLE,-0.35,,,,,2.0,relvol=6.3x pm_vol=309566,SINGLE,,,STOP,12.0663,-99.93,2026-05-13T02:55:03,11.8799,10.41
2026-05-12T05:56:17,2026-05-12,momentum,FCEL,LONG,MOO_GENESIS,17.17,16.9124,17.6851,388,100.0,9.72,IN_BAND,FIXED,FAVORABLE,-0.35,,,,,2.0,relvol=2.7x pm_vol=546576,SINGLE,,,STOP,16.9124,-99.95,2026-05-13T02:55:04,17.36,14.54
2026-05-12T06:00:36,2026-05-12,short,TE,SHORT,SHORT_GENESIS_9_33,6.5,6.565,6.37,1538,100.0,-6.62,IN_BAND,FIXED,FAVORABLE,-0.33,,,,,2.0,relvol=40.1x pm_vol=6131415 borrow=LOW,SINGLE,,,TARGET,6.37,199.94,2026-05-13T02:54:58,6.51,5.5
2026-05-12T06:00:46,2026-05-12,short,LAES,SHORT,SHORT_GENESIS_9_33,3.0702,3.1009,3.0088,3257,100.0,-3.59,IN_BAND,FIXED,FAVORABLE,-0.33,,,,,2.0,relvol=2.2x pm_vol=1526615 borrow=MEDIUM,SINGLE,,,STOP,3.1009,-99.99,2026-05-13T02:55:00,3.24,2.865
2026-05-12T06:00:48,2026-05-12,short,IONQ,SHORT,SHORT_GENESIS_9_33,57.65,58.2265,56.497,173,100.0,-3.46,IN_BAND,FIXED,FAVORABLE,-0.33,,,,,2.0,relvol=2.3x pm_vol=4389290 borrow=LOW,SINGLE,,,STOP,58.2265,-99.73,2026-05-13T02:55:00,59.15,52.17
2026-05-12T06:00:58,2026-05-12,short,MOBX,SHORT,SHORT_GENESIS_9_33,2.15,2.1715,2.107,4651,100.0,-6.7,IN_BAND,FIXED,FAVORABLE,-0.33,,,,,2.0,relvol=66.5x pm_vol=1870881 borrow=HIGH (low-priced low-float — verify locate before entering),SINGLE,,,STOP,2.1715,-100.0,2026-05-13T02:55:01,2.42,1.875
2026-05-12T06:01:01,2026-05-12,short,GPRO,SHORT,SHORT_GENESIS_9_33,1.2398,1.2522,1.215,8065,100.0,-6.82,IN_BAND,FIXED,FAVORABLE,-0.33,,,,,2.0,"relvol=6.9x pm_vol=1508770 borrow=EXTREME (sub-$1.50, locate often unavailable or > $5/share/day)",SINGLE,,,TARGET,1.215,200.01,2026-05-13T02:55:01,1.2,1.07
2026-05-12T06:01:04,2026-05-12,short,QBTS,SHORT,SHORT_GENESIS_9_33,23.29,23.5229,22.8242,429,100.0,-8.45,IN_BAND,FIXED,FAVORABLE,-0.33,,,,,2.0,relvol=8.8x pm_vol=6840684 borrow=LOW,SINGLE,,,STOP,23.5229,-99.91,2026-05-13T02:55:02,23.91,20.88
2026-05-12T06:01:07,2026-05-12,short,VTGN,SHORT,SHORT_GENESIS_9_33,0.6198,0.626,0.6074,16134,100.0,-9.65,IN_BAND,FIXED,FAVORABLE,-0.33,,,,,2.0,"relvol=369.5x pm_vol=4145512 borrow=EXTREME (sub-$1.50, locate often unavailable or > $5/share/day)",SINGLE,,,STOP,0.626,-100.03,2026-05-13T02:55:02,0.66,0.58
2026-05-12T06:01:13,2026-05-12,short,HIMS,SHORT,SHORT_GENESIS_9_33,24.7997,25.0477,24.3037,403,100.0,-17.23,STRETCHED,FIXED,FAVORABLE,-0.33,,,,,2.0,relvol=3.0x pm_vol=2049674 borrow=LOW,SINGLE,,,STOP,25.0477,-99.94,2026-05-13T02:55:04,26.84,24.56
2026-05-12T06:01:19,2026-05-12,short,MVST,SHORT,SHORT_GENESIS_9_33,1.2399,1.2523,1.2151,8065,100.0,-41.58,EXTREME,FIXED,FAVORABLE,-0.33,,,,,2.0,"relvol=28.9x pm_vol=1555294 borrow=EXTREME (sub-$1.50, locate often unavailable or > $5/share/day)",SINGLE,,,STOP,1.2523,-100.01,2026-05-13T02:55:05,1.49,1.36
2026-05-12T06:02:09,2026-05-12,short,DXYZ,SHORT,SHORT_GENESIS_9_33,59.01,59.6001,57.8298,169,100.0,-18.56,STRETCHED,FIXED,FAVORABLE,-0.33,,,,,2.0,relvol=2.7x pm_vol=841338 borrow=LOW,SINGLE,,,TARGET,57.8298,199.45,2026-05-13T02:55:05,59.88,48.73
2026-05-13T05:40:43,2026-05-13,abook,CLVT,LONG,MOO,2.5602,2.5218,2.637,2603,100.0,0.0,,FIXED,FAVORABLE,0.0,,,,,2.0,abook_rank fem=64 mode=PULLBACK,SINGLE,,,STOP,2.5218,-99.96,2026-05-13T15:19:17,2.51,2.41
2026-05-13T05:40:43,2026-05-13,abook,BMNR,LONG,MOO,20.9784,20.6637,21.6078,317,100.0,0.0,,FIXED,FAVORABLE,0.0,,,,,2.0,abook_rank fem=96 mode=PULLBACK,SINGLE,,,TARGET,21.6078,199.52,2026-05-13T15:19:18,21.685,21.11
2026-05-13T05:40:44,2026-05-13,abook,TRVI,LONG,MOO,14.66,14.4401,15.0998,454,100.0,0.0,,FIXED,FAVORABLE,0.0,,,,,2.0,abook_rank fem=100 mode=PULLBACK,SINGLE,,,TARGET,15.0998,199.67,2026-05-13T15:19:18,15.79,14.69
2026-05-13T05:40:44,2026-05-13,abook,NOK,LONG,MOO,13.42,13.2187,13.8226,496,100.0,0.0,,FIXED,FAVORABLE,0.0,,,,,2.0,abook_rank fem=100 mode=BOUNCE,SINGLE,,,TARGET,13.8226,199.69,2026-05-13T15:19:19,14.83,13.475
2026-05-13T05:40:47,2026-05-13,abook,CLVT,LONG,MOO,2.5602,2.5218,2.637,2603,100.0,0.0,,FIXED,FAVORABLE,0.01,,,,,2.0,abook_rank fem=64 mode=PULLBACK,SINGLE,,,STOP,2.5218,-99.96,2026-05-13T15:19:17,2.51,2.41
2026-05-13T05:40:47,2026-05-13,abook,BMNR,LONG,MOO,20.9784,20.6637,21.6078,317,100.0,0.0,,FIXED,FAVORABLE,0.01,,,,,2.0,abook_rank fem=96 mode=PULLBACK,SINGLE,,,TARGET,21.6078,199.52,2026-05-13T15:19:18,21.685,21.11
2026-05-13T05:40:48,2026-05-13,abook,TRVI,LONG,MOO,14.66,14.4401,15.0998,454,100.0,0.0,,FIXED,FAVORABLE,0.01,,,,,2.0,abook_rank fem=100 mode=PULLBACK,SINGLE,,,TARGET,15.0998,199.67,2026-05-13T15:19:18,15.79,14.69
2026-05-13T05:40:48,2026-05-13,abook,NOK,LONG,MOO,13.42,13.2187,13.8226,496,100.0,0.0,,FIXED,FAVORABLE,0.01,,,,,2.0,abook_rank fem=100 mode=BOUNCE,SINGLE,,,TARGET,13.8226,199.69,2026-05-13T15:19:19,14.83,13.475
2026-05-13T05:40:54,2026-05-13,momentum,QUCY,LONG,MOO_GENESIS,0.5842,0.5754,0.6017,11411,100.0,101.24,PARABOLIC,FIXED,FAVORABLE,-0.01,,,,,2.0,relvol=13853.2x pm_vol=55520960,SINGLE,,,TARGET,0.6017,199.69,2026-05-13T15:19:19,1.62,0.4868
2026-05-13T05:40:56,2026-05-13,momentum,FCHL,LONG,MOO_GENESIS,2.0,1.97,2.06,3333,100.0,75.94,PARABOLIC,FIXED,FAVORABLE,-0.01,,,,,2.0,relvol=196.6x pm_vol=16281979,SINGLE,,,TARGET,2.06,199.98,2026-05-13T15:19:20,2.32,1.73
2026-05-13T05:41:00,2026-05-13,momentum,EOSE,LONG,MOO_GENESIS,10.2136,10.0604,10.52,652,100.0,46.91,EXTREME,FIXED,FAVORABLE,-0.01,,,,,2.0,relvol=25.7x pm_vol=19963913,SINGLE,,,STOP,10.0604,-99.89,2026-05-13T15:19:20,9.36,8.19
2026-05-13T05:41:03,2026-05-13,momentum,OCG,LONG,MOO_GENESIS,2.26,2.2261,2.3278,2949,100.0,57.53,PARABOLIC,FIXED,FAVORABLE,-0.01,,,,,2.0,relvol=10.5x pm_vol=13369333,SINGLE,,,TARGET,2.3278,199.94,2026-05-13T15:19:21,2.7399,2.2
2026-05-13T05:41:05,2026-05-13,momentum,WOLF,LONG,MOO_GENESIS,64.3,63.3355,66.229,103,100.0,46.2,EXTREME,FIXED,FAVORABLE,-0.01,,,,,2.0,relvol=6.1x pm_vol=1794831,SINGLE,,,STOP,63.3355,-99.34,2026-05-13T15:19:21,67.38,58.6
2026-05-13T05:41:06,2026-05-13,momentum,NBIS,LONG,MOO_GENESIS,209.7341,206.5881,216.0261,31,100.0,19.73,STRETCHED,FIXED,FAVORABLE,-0.01,,,,,2.0,relvol=5.6x pm_vol=3164610,SINGLE,,,STOP,206.5881,-97.53,2026-05-13T15:19:22,217.34,198.0
2026-05-13T05:41:08,2026-05-13,momentum,QS,LONG,MOO_GENESIS,9.23,9.0915,9.5069,722,100.0,9.74,IN_BAND,FIXED,FAVORABLE,-0.01,,,,,2.0,relvol=3.6x pm_vol=1551483,SINGLE,,,STOP,9.0915,-100.0,2026-05-13T15:19:22,8.98,7.92
2026-05-13T05:41:09,2026-05-13,momentum,WHWK,LONG,MOO_GENESIS,4.2902,4.2258,4.4189,1553,100.0,37.5,EXTREME,FIXED,FAVORABLE,-0.01,,,,,2.0,relvol=4011.0x pm_vol=1395814,SINGLE,,,TARGET,4.4189,199.87,2026-05-13T15:19:23,5.155,4.57
2026-05-13T05:42:24,2026-05-13,momentum,PENG,LONG,MOO_GENESIS,51.28,50.5108,52.8184,130,100.0,23.71,STRETCHED,FIXED,FAVORABLE,-0.01,,,,,2.0,relvol=3.9x pm_vol=381822,SINGLE,,,STOP,50.5108,-100.0,2026-05-13T15:19:23,51.05,47.5
2026-05-13T05:45:06,2026-05-13,short,BABA,SHORT,SHORT_GENESIS_9_33,131.69,133.0069,129.0562,75,100.0,-4.14,IN_BAND,FIXED,FAVORABLE,-0.06,,,,,2.0,relvol=5.6x pm_vol=2846150 borrow=LOW,SINGLE,,,STOP,133.0069,-98.77,2026-05-13T15:19:24,146.87,133.06
2026-05-13T05:45:14,2026-05-13,short,RCAT,SHORT,SHORT_GENESIS_9_33,9.45,9.5445,9.261,1058,100.0,-14.6,IN_BAND,FIXED,FAVORABLE,-0.06,,,,,2.0,relvol=7.7x pm_vol=1742646 borrow=LOW,SINGLE,,,TARGET,9.261,199.96,2026-05-13T15:19:24,9.67,9.11
2026-05-13T05:45:18,2026-05-13,short,REI,SHORT,SHORT_GENESIS_9_33,1.345,1.3584,1.3181,7434,100.0,-25.84,STRETCHED,FIXED,FAVORABLE,-0.06,,,,,2.0,"relvol=37.1x pm_vol=2982118 borrow=EXTREME (sub-$1.50, locate often unavailable or > $5/share/day)",SINGLE,,,STOP,1.3584,-99.62,2026-05-13T15:19:25,1.41,1.25
2026-05-13T09:03:28,2026-05-13,intraday,WHWK,LONG,HOLDING-LONG,5.03,3.9375,7.215,91,100.0,10.46,IN_BAND,PM low,FAVORABLE,0.07,,,,,2.0,score=2590.96 relvol=247.72 float=49.45M,SINGLE,,,CLOSE,4.92,-10.01,2026-05-13T15:19:23,5.155,4.57
2026-05-13T09:03:29,2026-05-13,intraday,OCG,LONG,HOLDING-LONG,2.35,2.13,2.79,454,100.0,24.73,STRETCHED,PM low,FAVORABLE,0.07,,,,,2.0,score=919.76 relvol=37.19 float=1.94M,SINGLE,,,CLOSE,2.3899,18.11,2026-05-13T15:19:21,2.7399,2.2
2026-05-13T09:03:30,2026-05-13,intraday,MXCT,LONG,ORB-LONG|HOLDING-LONG,1.1,0.8841,1.5318,463,100.0,14.34,IN_BAND,PM low,FAVORABLE,0.07,,,,,2.0,score=1103.77 relvol=76.97 float=107.12M,SINGLE,,,CLOSE,1.02,-37.04,2026-05-13T15:19:25,1.16,0.9677
2026-05-13T09:03:32,2026-05-13,intraday,VIVO,LONG,ORB-LONG|HOLDING-LONG,3.8299,3.14,5.2097,144,100.0,4.47,IN_BAND,PM low,FAVORABLE,0.07,,,,,2.0,score=60.27 relvol=9.02 float=16.79M,SINGLE,,,CLOSE,4.23,57.61,2026-05-13T15:19:26,4.47,3.513
2026-05-13T09:03:34,2026-05-13,intraday,TGEN,LONG,ORB-LONG,5.07,3.8826,7.4448,84,100.0,-8.98,IN_BAND,PM low,FAVORABLE,0.07,,,,,2.0,score=76.56 relvol=8.94 float=29.91M,SINGLE,,,CLOSE,5.07,0.0,2026-05-13T15:19:26,5.19,4.58
2026-05-13T09:03:35,2026-05-13,intraday,LODE,LONG,ORB-LONG|HOLDING-LONG,3.365,2.91,4.275,219,100.0,5.5,IN_BAND,PM low,FAVORABLE,0.07,,,,,2.0,score=22.84 relvol=4.15 float=75.91M,SINGLE,,,CLOSE,3.44,16.42,2026-05-13T15:19:26,3.5,3.204
2026-05-13T09:03:52,2026-05-13,intraday,STIM,LONG,ORB-LONG,1.485,1.31,1.835,571,100.0,14.96,IN_BAND,PM low,FAVORABLE,0.07,,,,,2.0,score=0.82 relvol=2.43 float=69.59M,SINGLE,,,CLOSE,1.51,14.27,2026-05-13T15:19:27,1.6,1.37
2026-05-13T09:03:53,2026-05-13,intraday,CMPS,LONG,ORB-LONG|HOLDING-LONG,10.78,9.54,13.26,80,100.0,5.12,IN_BAND,PM low,FAVORABLE,0.07,,,,,2.0,score=36.94 relvol=7.21 float=134.92M,SINGLE,,,CLOSE,10.9128,10.62,2026-05-13T15:19:27,11.08,10.02
2026-05-13T09:03:57,2026-05-13,intraday,ASTL,LONG,ORB-LONG,5.3299,4.64,6.7097,144,100.0,-6.41,IN_BAND,PM low,FAVORABLE,0.07,,,,,2.0,score=38.30 relvol=7.18 float=104.93M,SINGLE,,,CLOSE,5.005,-46.79,2026-05-13T15:19:28,5.44,4.94
2026-05-13T09:03:58,2026-05-13,intraday,DGXX,LONG,ORB-LONG,8.84,8.6,9.32,416,100.0,4.77,IN_BAND,PM low,FAVORABLE,0.07,,,,,2.0,score=0.61 relvol=1.8 float=72.83M,SINGLE,,,STOP,8.6,-99.84,2026-05-13T15:19:28,9.2,7.71
2026-05-13T12:00:08,2026-05-13,intraday,TDIC,LONG,ORB-LONG|HOLDING-LONG,9.95,9.7801,10.2898,588,100.0,26.48,STRETCHED,recent 5-min low,FAVORABLE,0.55,,,,,2.0,score=2592.32 relvol=13.95 float=27.8M,SINGLE,,,STOP,9.7801,-99.9,2026-05-13T15:19:29,30.0,3.06
2026-05-13T12:00:13,2026-05-13,intraday,VIVO,LONG,ORB-LONG|HOLDING-LONG,4.24,4.22,4.28,4999,100.0,4.47,IN_BAND,recent 5-min low,FAVORABLE,0.55,,,,,2.0,score=395.40 relvol=20.04 float=16.79M,SINGLE,,,STOP,4.22,-99.98,2026-05-13T15:19:26,4.47,3.513
2026-05-13T12:00:26,2026-05-13,intraday,FCEL,LONG,ORB-LONG,18.27,18.22,18.37,1999,100.0,3.36,IN_BAND,recent 5-min low,FAVORABLE,0.55,,,,,2.0,score=0.39 relvol=3.22 float=52.98M,SINGLE,,,STOP,18.22,-99.95,2026-05-13T15:19:29,20.27,16.66
2026-05-13T12:00:28,2026-05-13,intraday,BWEN,SHORT,ORB-SHORT,3.6501,3.72,3.5103,1430,100.0,-8.16,IN_BAND,recent 5-min high,FAVORABLE,0.55,,,,,2.0,score=146.14 relvol=16.81 float=23.4M,SINGLE,,,STOP,3.72,-99.96,2026-05-13T15:19:30,4.75,3.59
2026-05-14T05:39:48,2026-05-14,abook,CLVT,LONG,MOO,2.5602,2.5218,2.637,2603,100.0,0.0,,FIXED,FAVORABLE,0.49,,,,,2.0,abook_rank fem=64 mode=PULLBACK,SINGLE,,,STOP,2.5218,-99.96,2026-05-14T14:35:53,2.57,2.325
2026-05-14T05:39:48,2026-05-14,abook,BMNR,LONG,MOO,21.23,20.9116,21.8669,314,100.0,0.0,,FIXED,FAVORABLE,0.49,,,,,2.0,abook_rank fem=96 mode=PULLBACK,SINGLE,,,STOP,20.9116,-99.98,2026-05-14T14:35:54,22.65,20.69
2026-05-14T05:39:48,2026-05-14,abook,INTC,LONG,MOO,116.3503,114.605,119.8408,57,100.0,0.0,,FIXED,FAVORABLE,0.49,,,,,2.0,abook_rank fem=93 mode=PULLBACK,SINGLE,,,STOP,114.605,-99.48,2026-05-14T14:35:54,117.85,114.51
2026-05-14T05:39:49,2026-05-14,abook,WT,LONG,MOO,19.92,19.6212,20.5176,334,100.0,0.0,,FIXED,FAVORABLE,0.49,,,,,2.0,abook_rank fem=100 mode=PULLBACK,SINGLE,,,STOP,19.6212,-99.8,2026-05-14T14:35:55,19.81,19.18
2026-05-14T05:39:49,2026-05-14,abook,TRVI,LONG,MOO,14.66,14.4401,15.0998,454,100.0,0.0,,FIXED,FAVORABLE,0.49,,,,,2.0,abook_rank fem=100 mode=PULLBACK,SINGLE,,,TARGET,15.0998,199.67,2026-05-14T14:35:55,15.12,14.67
2026-05-14T05:39:49,2026-05-14,abook,NOK,LONG,MOO,15.6,15.366,16.068,427,100.0,0.0,,FIXED,FAVORABLE,0.49,,,,,2.0,abook_rank fem=100 mode=BOUNCE,SINGLE,,,STOP,15.366,-99.92,2026-05-14T14:35:55,14.91,14.3
2026-05-14T05:39:50,2026-05-14,abook,PLUG,LONG,MOO,3.94,3.8809,4.0582,1692,100.0,0.0,,FIXED,FAVORABLE,0.49,,,,,2.0,abook_rank fem=100 mode=PULLBACK,SINGLE,,,STOP,3.8809,-100.0,2026-05-14T14:35:56,3.92,3.725
2026-05-14T05:39:52,2026-05-14,abook,CLVT,LONG,MOO,2.5602,2.5218,2.637,2603,100.0,0.0,,FIXED,FAVORABLE,0.48,,,,,2.0,abook_rank fem=64 mode=PULLBACK,SINGLE,,,STOP,2.5218,-99.96,2026-05-14T14:35:53,2.57,2.325
2026-05-14T05:39:52,2026-05-14,abook,BMNR,LONG,MOO,21.23,20.9116,21.8669,314,100.0,0.0,,FIXED,FAVORABLE,0.48,,,,,2.0,abook_rank fem=96 mode=PULLBACK,SINGLE,,,STOP,20.9116,-99.98,2026-05-14T14:35:54,22.65,20.69
2026-05-14T05:39:53,2026-05-14,abook,INTC,LONG,MOO,116.3503,114.605,119.8408,57,100.0,0.0,,FIXED,FAVORABLE,0.48,,,,,2.0,abook_rank fem=93 mode=PULLBACK,SINGLE,,,STOP,114.605,-99.48,2026-05-14T14:35:54,117.85,114.51
2026-05-14T05:39:53,2026-05-14,abook,WT,LONG,MOO,19.92,19.6212,20.5176,334,100.0,0.0,,FIXED,FAVORABLE,0.48,,,,,2.0,abook_rank fem=100 mode=PULLBACK,SINGLE,,,STOP,19.6212,-99.8,2026-05-14T14:35:55,19.81,19.18
2026-05-14T05:39:53,2026-05-14,abook,TRVI,LONG,MOO,14.66,14.4401,15.0998,454,100.0,0.0,,FIXED,FAVORABLE,0.48,,,,,2.0,abook_rank fem=100 mode=PULLBACK,SINGLE,,,TARGET,15.0998,199.67,2026-05-14T14:35:55,15.12,14.67
2026-05-14T05:39:53,2026-05-14,abook,NOK,LONG,MOO,15.6,15.366,16.068,427,100.0,0.0,,FIXED,FAVORABLE,0.48,,,,,2.0,abook_rank fem=100 mode=BOUNCE,SINGLE,,,STOP,15.366,-99.92,2026-05-14T14:35:56,14.91,14.3
2026-05-14T05:39:54,2026-05-14,abook,PLUG,LONG,MOO,3.94,3.8809,4.0582,1692,100.0,0.0,,FIXED,FAVORABLE,0.48,,,,,2.0,abook_rank fem=100 mode=PULLBACK,SINGLE,,,STOP,3.8809,-100.0,2026-05-14T14:35:56,3.92,3.725
2026-05-14T05:40:03,2026-05-14,momentum,SNAL,LONG,MOO_GENESIS,1.42,1.3987,1.4626,4694,100.0,216.67,PARABOLIC,FIXED,FAVORABLE,0.48,,,,,2.0,relvol=1636.2x pm_vol=100251273,SINGLE,,,STOP,1.3987,-99.98,2026-05-14T14:35:57,1.67,1.05
2026-05-14T05:40:05,2026-05-14,momentum,YOOV,LONG,MOO_GENESIS,1.3401,1.32,1.3803,4974,100.0,174.37,PARABOLIC,FIXED,FAVORABLE,0.48,,,,,2.0,relvol=11885.2x pm_vol=21633411,SINGLE,,,TARGET,1.3803,199.95,2026-05-14T14:35:57,1.85,0.985
2026-05-14T05:40:08,2026-05-14,momentum,DXF,LONG,MOO_GENESIS,1.39,1.3691,1.4317,4796,100.0,138.1,PARABOLIC,FIXED,FAVORABLE,0.48,,,,,2.0,relvol=2.4x pm_vol=28670300,SINGLE,,,STOP,1.3691,-100.24,2026-05-14T14:35:57,1.99,1.17
2026-05-14T05:40:17,2026-05-14,momentum,LNKS,LONG,MOO_GENESIS,1.7502,1.7239,1.8027,3809,100.0,82.96,PARABOLIC,FIXED,FAVORABLE,0.48,,,,,2.0,relvol=984.1x pm_vol=7790367,SINGLE,,,TARGET,1.8027,199.97,2026-05-14T14:35:58,2.37,1.14
2026-05-14T05:40:19,2026-05-14,momentum,POET,LONG,MOO_GENESIS,17.78,17.5133,18.3134,374,100.0,29.78,STRETCHED,FIXED,FAVORABLE,0.48,,,,,2.0,relvol=4.6x pm_vol=13757228,SINGLE,,,TARGET,18.3134,199.49,2026-05-14T14:35:59,20.81,17.8
2026-05-14T05:40:22,2026-05-14,momentum,BNRG,LONG,MOO_GENESIS,2.62,2.5807,2.6986,2544,100.0,92.14,PARABOLIC,FIXED,FAVORABLE,0.48,,,,,2.0,relvol=721.5x pm_vol=8294497,SINGLE,,,STOP,2.5807,-99.98,2026-05-14T14:35:59,2.33,1.55
2026-05-14T05:40:24,2026-05-14,momentum,BNKK,LONG,MOO_GENESIS,2.54,2.5019,2.6162,2624,100.0,40.0,EXTREME,FIXED,FAVORABLE,0.48,,,,,2.0,relvol=183.4x pm_vol=2371475,SINGLE,,,TARGET,2.6162,199.95,2026-05-14T14:35:59,2.64,2.11
2026-05-14T05:40:26,2026-05-14,momentum,CSCO,LONG,MOO_GENESIS,117.6373,115.8727,121.1664,56,100.0,19.76,STRETCHED,FIXED,FAVORABLE,0.48,,,,,2.0,relvol=16.3x pm_vol=2298199,SINGLE,,,STOP,115.8727,-98.82,2026-05-14T14:36:00,117.74,113.97
2026-05-14T05:40:29,2026-05-14,momentum,ONDS,LONG,MOO_GENESIS,10.15,9.9977,10.4545,656,100.0,16.14,STRETCHED,FIXED,FAVORABLE,0.48,,,,,2.0,relvol=9.0x pm_vol=10892588,SINGLE,,,STOP,9.9977,-99.91,2026-05-14T14:36:01,11.73,9.61
2026-05-14T05:40:32,2026-05-14,momentum,LOBO,LONG,MOO_GENESIS,0.5681,0.5596,0.5851,11735,100.0,35.53,EXTREME,FIXED,FAVORABLE,0.48,,,,,2.0,relvol=103.5x pm_vol=1877020,SINGLE,,,STOP,0.5596,-99.75,2026-05-14T14:36:01,0.6689,0.55
2026-05-14T05:40:34,2026-05-14,momentum,KLAR,LONG,MOO_GENESIS,14.64,14.4204,15.0792,455,100.0,21.26,STRETCHED,FIXED,FAVORABLE,0.48,,,,,2.0,relvol=51.1x pm_vol=2093516,SINGLE,,,TARGET,15.0792,199.84,2026-05-14T14:36:02,16.485,15.32
2026-05-14T05:40:37,2026-05-14,momentum,HCTI,LONG,MOO_GENESIS,2.3105,2.2758,2.3798,2885,100.0,33.79,EXTREME,FIXED,FAVORABLE,0.48,,,,,2.0,relvol=1007.4x pm_vol=2638724,SINGLE,,,STOP,2.2758,-100.11,2026-05-14T14:36:02,2.43,2.15
2026-05-14T05:40:55,2026-05-14,momentum,FRMI,LONG,MOO_GENESIS,5.95,5.8608,6.1285,1120,100.0,7.0,IN_BAND,FIXED,FAVORABLE,0.48,,,,,2.0,relvol=5.7x pm_vol=1125544,SINGLE,,,TARGET,6.1285,199.92,2026-05-14T14:36:03,7.74,6.11
2026-05-14T05:41:00,2026-05-14,momentum,INVZ,LONG,MOO_GENESIS,0.79,0.7782,0.8137,8438,100.0,17.84,STRETCHED,FIXED,FAVORABLE,0.48,,,,,2.0,relvol=17.0x pm_vol=2693743,SINGLE,,,STOP,0.7782,-99.57,2026-05-14T14:36:03,0.75,0.665
2026-05-14T05:41:03,2026-05-14,momentum,DGNX,LONG,MOO_GENESIS,0.9701,0.9555,0.9992,6872,100.0,23.33,STRETCHED,FIXED,FAVORABLE,0.48,,,,,2.0,relvol=99.7x pm_vol=1917228,SINGLE,,,TARGET,0.9992,199.98,2026-05-14T14:36:04,1.05,0.95
2026-05-14T05:41:16,2026-05-14,momentum,RR,LONG,MOO_GENESIS,2.9,2.8565,2.987,2298,100.0,6.38,IN_BAND,FIXED,FAVORABLE,0.48,,,,,2.0,relvol=3.0x pm_vol=1019070,SINGLE,,,STOP,2.8565,-99.96,2026-05-14T14:36:04,2.9051,2.73
2026-05-14T05:41:50,2026-05-14,momentum,FPS,LONG,MOO_GENESIS,51.97,51.1904,53.5291,128,100.0,29.61,STRETCHED,FIXED,FAVORABLE,0.48,,,,,2.0,relvol=21.5x pm_vol=418119,SINGLE,,,STOP,51.1904,-99.79,2026-05-14T14:36:05,51.0,47.045
2026-05-14T05:42:19,2026-05-14,momentum,WYFI,LONG,MOO_GENESIS,25.5244,25.1415,26.2901,261,100.0,14.65,IN_BAND,FIXED,FAVORABLE,0.48,,,,,2.0,relvol=2.4x pm_vol=304487,SINGLE,,,STOP,25.1415,-99.94,2026-05-14T14:36:05,31.215,24.57
2026-05-14T05:44:54,2026-05-14,short,POET,SHORT,SHORT_GENESIS_9_33,17.88,18.0588,17.5224,559,100.0,-5.92,IN_BAND,FIXED,FAVORABLE,0.47,,,,,2.0,relvol=4.7x pm_vol=14028258 borrow=LOW,SINGLE,,,STOP,18.0588,-99.95,2026-05-14T14:35:59,20.81,17.8
2026-05-14T05:45:21,2026-05-14,short,LUNR,SHORT,SHORT_GENESIS_9_33,33.6932,34.0301,33.0193,296,100.0,-8.91,IN_BAND,FIXED,FAVORABLE,0.47,,,,,2.0,relvol=3.6x pm_vol=1334856 borrow=LOW,SINGLE,,,STOP,34.0301,-99.72,2026-05-14T14:36:06,37.25,34.01
2026-05-14T05:45:23,2026-05-14,short,FRMI,SHORT,SHORT_GENESIS_9_33,5.8104,5.8685,5.6942,1721,100.0,-6.5,IN_BAND,FIXED,FAVORABLE,0.47,,,,,2.0,relvol=5.8x pm_vol=1133243 borrow=LOW,SINGLE,,,STOP,5.8685,-99.99,2026-05-14T14:36:03,7.74,5.85
2026-05-14T05:45:29,2026-05-14,short,INVZ,SHORT,SHORT_GENESIS_9_33,0.7999,0.8079,0.7839,12501,100.0,-21.45,STRETCHED,FIXED,FAVORABLE,0.47,,,,,2.0,"relvol=17.1x pm_vol=2699653 borrow=EXTREME (sub-$1.50, locate often unavailable or > $5/share/day)",SINGLE,,,TARGET,0.7839,200.02,2026-05-14T14:36:03,0.75,0.6555
2026-05-14T05:45:32,2026-05-14,short,DGNX,SHORT,SHORT_GENESIS_9_33,0.9702,0.9799,0.9508,10307,100.0,-28.33,STRETCHED,FIXED,FAVORABLE,0.47,,,,,2.0,"relvol=100.2x pm_vol=1927239 borrow=EXTREME (sub-$1.50, locate often unavailable or > $5/share/day)",SINGLE,,,STOP,0.9799,-99.98,2026-05-14T14:36:04,1.11,0.95
2026-05-14T05:46:01,2026-05-14,short,ENVX,SHORT,SHORT_GENESIS_9_33,6.46,6.5246,6.3308,1547,100.0,-13.72,IN_BAND,FIXED,FAVORABLE,0.47,,,,,2.0,relvol=3.9x pm_vol=304822 borrow=LOW,SINGLE,,,TARGET,6.3308,199.87,2026-05-14T14:36:06,6.48,5.83
2026-05-14T05:46:48,2026-05-14,short,WYFI,SHORT,SHORT_GENESIS_9_33,25.8,26.058,25.284,387,100.0,-10.65,IN_BAND,FIXED,FAVORABLE,0.47,,,,,2.0,relvol=2.5x pm_vol=313911 borrow=LOW,SINGLE,,,STOP,26.058,-99.85,2026-05-14T14:36:05,31.215,23.6
2026-05-14T06:56:55,2026-05-14,intraday,LNKS,LONG,HOLDING-LONG,1.9,1.69,2.32,476,100.0,30.37,EXTREME,PM low,FAVORABLE,0.47,,,,,2.0,score=923.80 relvol=30.6 float=1.61M,SINGLE,,,TARGET,2.32,199.92,2026-05-14T14:35:58,2.37,1.14
2026-05-14T06:56:59,2026-05-14,intraday,BNKK,LONG,HOLDING-LONG,2.81,2.51,3.41,333,100.0,17.27,STRETCHED,PM low,FAVORABLE,0.47,,,,,2.0,score=399.15 relvol=20.52 float=7.87M,SINGLE,,,STOP,2.51,-99.9,2026-05-14T14:36:00,2.64,2.11
